Acidobacteria,CP000360,204669,2,,,,57723,,,204432,,,,204433,,,,,204434,,,,658061,,,,658062,,,
Acidobacteria,CP000473,234267,2,,,,57723,,,332159,,,,332160,,,,,332161,,,,332162,,,,332163,,,
Acidobacteria,CP001472,240015,2,,,,57723,,,204432,,,,204433,,,,,204434,,,,33973,,,,33075,,,
Acidobacteria,CP002467,401053,2,,,,57723,,,204432,,,,204433,,,,,204434,,,,392733,,,,870903,,,
Acidobacteria,CP002480,1198114,2,,,,57723,,,204432,,,,204433,,,,,204434,,,,940557,,,,940615,,,
Acidobacteria,CP002514,981222,2,,,,57723,,,1562566,,,,,,,,,,,,,458032,,,,458033,,,
Acidobacteria,CP003130,682795,2,,,,57723,,,204432,,,,204433,,,,,204434,,,,940557,,,,940614,,,
Acidobacteria,CP003379,926566,2,,,,57723,,,204432,,,,204433,,,,,204434,,,,392733,,,,392734,,,
Actinobacteria,AE016822,281090,2,,,,201174,,,1760,,,,85006,,,,,85023,,,,110932,,,,1575,59736,,
Actinobacteria,AE016958,262316,2,,,,201174,,,1760,,,,85007,,,,,1762,,,,1763,,120793,,1764,1770,,
Actinobacteria,AL450380,272631,2,,,,201174,,,1760,,,,85007,,,,,1762,,,,1763,,,,1769,,,
Actinobacteria,AL645882,100226,2,,,,201174,,,1760,,,,85011,,,,,2062,,,,1883,,,,1902,,,
Actinobacteria,AM408590,410289,2,,,,201174,,,1760,,,,85007,,,,,1762,,,,1763,,77643,,1765,,,
Actinobacteria,AM711867,443906,2,,,,201174,,,1760,,,,85006,,,,,85023,,,,1573,,,,28447,33013,,
Actinobacteria,AM849034,31964,2,,,,201174,,,1760,,,,85006,,,,,85023,,,,1573,,,,28447,31964,,
Actinobacteria,AM942444,504474,2,,,,201174,,,1760,,,,85007,,,,,1653,,,,1716,,,,43771,,,
Actinobacteria,AP006618,247156,2,,,,201174,,,1760,,,,85007,,,,,85025,,,,1817,,,,37329,,,
Actinobacteria,AP008957,234621,2,,,,201174,,,1760,,,,85007,,,,,85025,,,,1827,,,,1833,,,
Actinobacteria,AP009044,340322,2,,,,201174,,,1760,,,,85007,,,,,1653,,,,1716,,,,1718,,,
Actinobacteria,AP009256,367928,2,,,,201174,,,1760,,,,85004,,,,,31953,,,,1678,,,,1680,,,
Actinobacteria,AP010889,391904,2,,,,201174,,,1760,,,,85004,,,,,31953,,,,1678,,,,216816,1682,,
Actinobacteria,AP010918,561275,2,,,,201174,,,1760,,,,85007,,,,,1762,,,,1763,,77643,,1765,,,
Actinobacteria,AP010968,452652,2,,,,201174,,,1760,,,,85011,,,,,2062,,,,2063,,,,2066,,,
Actinobacteria,AP011115,632772,2,,,,201174,,,1760,,,,85007,,,,,85025,,,,1827,,,,37919,,,
Actinobacteria,AP011540,680646,2,,,,201174,,,1760,,,,85006,,,,,1268,,,,32207,,,,43675,,,
Actinobacteria,AP012057,1313172,2,,,,201174,,,84992,,,,84993,,,,,84994,,,,682522,,,,467094,,,
Actinobacteria,AP012204,1032480,2,,,,201174,,,1760,,,,85009,,,,,31957,,,,29404,,,,29405,,,
Actinobacteria,AP012211,502558,2,,,,201174,,,84998,,,,1643822,,,,,1643826,,,,84111,1,1,1,502558,1,1,1
Actinobacteria,AP012340,652616,2,,,,201174,,,1760,,,,85007,,,,,1762,,,,1763,,77643,,1773,,,
Actinobacteria,BA000035,196164,2,,,,201174,,,1760,,,,85007,,,,,1653,,,,1716,,,,152794,,,
Actinobacteria,CM000636,557599,2,,,,201174,,,1760,,,,85007,,,,,1762,,,,1763,,,,1768,,,
Actinobacteria,CM000789,663886,2,,,,201174,,,1760,,,,85007,,,,,1762,,,,1763,,77643,,1773,,,
Actinobacteria,CP000088,269800,2,,,,201174,,,1760,,,,85012,,,,,83676,,,,83677,,,,2021,,,
Actinobacteria,CP000303,326426,2,,,,201174,,,1760,,,,85004,,,,,31953,,,,1678,,,,1685,,,
Actinobacteria,CP000325,362242,2,,,,201174,,,1760,,,,85007,,,,,1762,,,,1763,,,,1809,,,
Actinobacteria,CP000384,164756,2,,,,201174,,,1760,,,,85007,,,,,1762,,,,1763,,,,164756,,,
Actinobacteria,CP000386,266117,2,,,,201174,,,84995,,,,84996,,,,,84997,,,,42255,,,,49319,,,
Actinobacteria,CP000479,243243,2,,,,201174,,,1760,,,,85007,,,,,1762,,,,1763,,120793,,1764,,,
Actinobacteria,CP000481,351607,2,,,,201174,,,1760,,,,1643683,,,,,85032,,,,28048,,,,28049,,,
Actinobacteria,CP000509,196162,2,,,,201174,,,1760,,,,85009,,,,,85015,,,,1839,1,1,1,196162,1,1,1
Actinobacteria,CP000518,189918,2,,,,201174,,,1760,,,,85007,,,,,1762,,,,1763,,,,189918,,,
Actinobacteria,CP000580,164757,2,,,,201174,,,1760,,,,85007,,,,,1762,,,,1763,,,,164757,,,
Actinobacteria,CP000611,419947,2,,,,201174,,,1760,,,,85007,,,,,1762,,,,1763,,77643,,1773,,,
Actinobacteria,CP000656,350054,2,,,,201174,,,1760,,,,85007,,,,,1762,,,,1763,,,,1804,,,
Actinobacteria,CP000667,369723,2,,,,201174,,,1760,,,,85008,,,,,28056,,,,168694,,,,168695,,,
Actinobacteria,CP000820,298653,2,,,,201174,,,1760,,,,85013,,,,,74712,,,,1854,1,1,1,298653,1,1,1
Actinobacteria,CP001095,391904,2,,,,201174,,,1760,,,,85004,,,,,31953,,,,1678,,,,216816,1682,,
Actinobacteria,CP001361,484020,2,,,,201174,,,1760,,,,85004,,,,,31953,,,,1678,,,,1681,,,
Actinobacteria,CP001601,548476,2,,,,201174,,,1760,,,,85007,,,,,1653,,,,1716,,,,169292,,,
Actinobacteria,CP001606,555970,2,,,,201174,,,1760,,,,85004,,,,,31953,,,,1678,,,,28025,302911,,
Actinobacteria,CP001618,471853,2,,,,201174,,,1760,,,,85006,,,,,125316,,,,84756,,,,84757,,,
Actinobacteria,CP001620,645127,2,,,,201174,,,1760,,,,85007,,,,,1653,,,,1716,,,,161879,,,
Actinobacteria,CP001684,471855,2,,,,201174,,,84998,,,,1643822,,,,,1643826,,,,84108,,,,84110,,,
Actinobacteria,CP001686,478801,2,,,,201174,,,1760,,,,85006,,,,,145357,,,,57499,,,,1276,,,
Actinobacteria,CP001700,479433,2,,,,201174,,,1760,,,,414714,,,,,414877,,,,414878,,,,304895,,,
Actinobacteria,CP001721,521095,2,,,,201174,,,84998,,,,84999,,,,,1643824,,,,1380,,,,1382,,,
Actinobacteria,CP001738,471852,2,,,,201174,,,1760,,,,85012,,,,,2012,,,,2019,,,,2020,,,
Actinobacteria,CP001750,401473,2,,,,201174,,,1760,,,,85004,,,,,31953,,,,1678,,,,1689,,,
Actinobacteria,CP001802,526226,2,,,,201174,,,1760,,,,85007,,,,,85026,,,,2053,,,,2054,,,
Actinobacteria,CP001819,446469,2,,,,201174,,,1760,,,,85006,,,,,145360,,,,60919,,,,60920,,,
Actinobacteria,CP001829,681645,2,,,,201174,,,1760,,,,85007,,,,,1653,,,,1716,,,,1719,,,
Actinobacteria,CP001849,553190,2,,,,201174,,,1760,,,,85004,,,,,31953,,,,2701,,,,2702,,,
Actinobacteria,CP001853,552531,2,,,,201174,,,1760,,,,85004,,,,,31953,,,,1678,,,,28025,302911,,
Actinobacteria,CP001854,469383,2,,,,201174,,,1497346,,,,588673,,,,,320583,,,,191494,,,,191495,,,
Actinobacteria,CP001874,469371,2,,,,201174,,,1760,,,,,,,,,,,,,147067,,,,2006,,,
Actinobacteria,CP001892,573236,2,,,,201174,,,1760,,,,85004,,,,,31953,,,,1678,,,,28025,302911,,
Actinobacteria,CP001964,446466,2,,,,201174,,,1760,,,,85006,,,,,85016,,,,1707,,,,1711,,,
Actinobacteria,CP001976,478435,2,,,,201174,,,1760,,,,85007,,,,,1762,,,,1763,,77643,,1773,,,
Actinobacteria,CP001992,95111,2759,33208,,,7711,89593,,,,,8504,8509,,8560,,1330539,311552,,,,95111,,,,,,,
Actinobacteria,CP002000,749927,2,,,,201174,,,1760,,,,85010,,,,,2070,,,,1813,,,,33910,,,
Actinobacteria,CP002095,717522,2,,,,201174,,,1760,,,,85007,,,,,1762,,,,1763,,77643,,1765,,,
Actinobacteria,CP002097,765874,2,,,,201174,,,1760,,,,85007,,,,,1653,,,,1716,,,,1719,,,
Actinobacteria,CP002104,470460,2759,4751,451864,,4890,147538,,147545,451870,,,34395,,,,,43219,,,,5583,1,1,1,470460,1,1,1
Actinobacteria,CP002106,633147,2,,,,201174,,,84998,,,,84999,,,,,1643824,,,,133925,,,,133926,,,
Actinobacteria,CP002220,883062,2,,,,201174,,,1760,,,,85004,,,,,31953,,,,1678,,,,1681,,,
Actinobacteria,CP002275,1232724,2,,,,201174,,,1760,,,,85007,,,,,1762,,,,1763,,120793,,35617,,,
Actinobacteria,CP002280,762948,2,,,,201174,,,1760,,,,85006,,,,,1268,,,,32207,,,,2047,,,
Actinobacteria,CP002286,890402,2,,,,201174,,,1760,,,,85004,,,,,31953,,,,1678,,,,216816,1679,,
Actinobacteria,CP002299,298654,2,,,,201174,,,1760,,,,85013,,,,,74712,,,,1854,,,,298654,,,
Actinobacteria,CP002329,875328,2,,,,201174,,,1760,,,,85007,,,,,1762,,,,1763,,,,875328,,,
Actinobacteria,CP002385,278137,2,,,,201174,,,1760,,,,85007,,,,,1762,,,,1763,,,,1804,,,
Actinobacteria,CP002567,703613,2,,,,201174,,,1760,,,,85004,,,,,31953,,,,1678,,,,28025,302912,,
Actinobacteria,CP002593,675635,2,,,,201174,,,1760,,,,85010,,,,,2070,,,,1847,,,,240495,,,
Actinobacteria,CP002638,263358,2,,,,201174,,,1760,,,,85008,,,,,28056,,,,84593,,,,1003110,,,
Actinobacteria,CP002665,593907,2,,,,201174,,,1760,,,,85006,,,,,85016,,,,1707,,,,11,,,
Actinobacteria,CP002725,9231,2759,33208,,,7711,89593,,8782,,,8825,9230,,,,,9231,,,,,,,,,,,
Actinobacteria,CP002743,9228,2759,33208,,,7711,89593,,8782,,,8825,9223,,,,,9224,,,,9227,,,,9228,,,
Actinobacteria,CP002786,443218,2,,,,201174,,,1760,,,,85007,,,,,1762,,,,697025,,,,639313,,,
Actinobacteria,CP002791,945712,2,,,,201174,,,1760,,,,85007,,,,,1653,,,,1716,,,,65058,,,
Actinobacteria,CP002794,1035817,2,,,,201174,,,1760,,,,85004,,,,,31953,,,,1678,,,,216816,1679,,
Actinobacteria,CP002907,337191,2,,,,201174,,,1760,,,,85007,,,,,85026,,,,2053,1,1,1,337191,1,1,1
Actinobacteria,CP002917,858619,2,,,,201174,,,1760,,,,85007,,,,,1653,,,,1716,,,,1727,,,
Actinobacteria,CP002992,707235,2,,,,201174,,,1760,,,,85007,,,,,1762,,,,1763,,77643,,1773,,,
Actinobacteria,CP002993,862751,2,,,,201174,,,1760,,,,85011,,,,,2062,,,,1883,,,,862751,,,
Actinobacteria,CP002994,653045,2,,,,201174,,,1760,,,,85011,,,,,2062,,,,1883,,,,68280,,,
Actinobacteria,CP003039,1075106,2,,,,201174,,,1760,,,,85004,,,,,31953,,,,1678,,,,28025,302911,,
Actinobacteria,CP003053,710421,2,,,,201174,,,1760,,,,85007,,,,,1762,,,,1763,,,,1800,,,
Actinobacteria,CP003061,935697,2,,,,201174,,,1760,,,,85007,,,,,1653,,,,1716,,,,1719,,,
Actinobacteria,CP003084,1091045,2,,,,201174,,,1760,,,,85009,,,,,31957,,,,1743,,,,1747,1905725,,
Actinobacteria,CP003119,1112204,2,,,,201174,,,1760,,,,85007,,,,,85026,,,,2053,,,,84595,,,
Actinobacteria,CP003152,1087452,2,,,,201174,,,1760,,,,85007,,,,,1653,,,,1716,,,,1719,,,
Actinobacteria,CP003169,710685,2,,,,201174,,,1760,,,,85007,,,,,1762,,,,1763,,,,36814,,,
Actinobacteria,CP003195,1114966,2,,,,201174,,,1760,,,,85009,,,,,31957,,,,1743,,,,1747,1734925,,
Actinobacteria,CP003196,1114967,2,,,,201174,,,1760,,,,85009,,,,,31957,,,,1743,,,,1747,1734925,,
Actinobacteria,CP003197,1114969,2,,,,201174,,,1760,,,,85009,,,,,31957,,,,1743,,,,1747,1734925,,
Actinobacteria,CP003203,1118963,2,,,,201174,,,1760,,,,85006,,,,,1268,,,,1663,1,1,1,1118963,1,1,1
Actinobacteria,CP003211,698965,2,,,,201174,,,1760,,,,85007,,,,,1653,,,,1716,,,,1717,,,
Actinobacteria,CP003213,698968,2,,,,201174,,,1760,,,,85007,,,,,1653,,,,1716,,,,1717,,,
Actinobacteria,CP003214,698969,2,,,,201174,,,1760,,,,85007,,,,,1653,,,,1716,,,,1717,,,
Actinobacteria,CP003215,698970,2,,,,201174,,,1760,,,,85007,,,,,1653,,,,1716,,,,1717,,,
Actinobacteria,CP003219,1003195,2,,,,201174,,,1760,,,,85011,,,,,2062,,,,1883,,,,29303,,,
Actinobacteria,CP003233,1091500,2,,,,201174,,,1760,,,,85007,,,,,1762,,,,1763,,77643,,1773,,,
Actinobacteria,CP003293,1134454,2,,,,201174,,,1760,,,,85009,,,,,31957,,,,1743,,,,1747,,,
Actinobacteria,CP003322,487521,2,,,,201174,,,1760,,,,85007,,,,,1762,,,,1763,,120793,,1767,,,
Actinobacteria,CP003323,1138382,2,,,,201174,,,1760,,,,85007,,,,,1762,,,,1763,,120793,,1767,,,
Actinobacteria,CP003324,1138383,2,,,,201174,,,1760,,,,85007,,,,,1762,,,,1763,,120793,,1767,,,
Actinobacteria,CP003421,1087451,2,,,,201174,,,1760,,,,85007,,,,,1653,,,,1716,,,,1719,,,
Actinobacteria,CP003497,1168290,2,,,,201174,,,1760,,,,85004,,,,,31953,,,,1678,,,,28025,302911,,
Actinobacteria,CP003652,1161911,2,,,,201174,,,1760,,,,85007,,,,,1653,,,,1716,,,,1719,,,
Actinobacteria,CP003697,1121362,2,,,,201174,,,1760,,,,85007,,,,,1653,,,,1716,,,,225326,,,
Actinobacteria,CP003699,1198627,2,,,,201174,,,1760,,,,85007,,,,,1762,,,,1763,,670516,670506,36809,319705,,
Actinobacteria,CP003720,1203460,2,,,,201174,,,1760,,,,85011,,,,,2062,,,,1883,,,,1912,311982,,
Actinobacteria,CP003788,1205910,2,,,,201174,,,1760,,,,85012,,,,,83676,,,,2013,,,,53437,,,
Actinobacteria,CP003877,1234380,2,,,,201174,,,1760,,,,85009,,,,,31957,,,,1743,,,,1747,,,
Actinobacteria,CP003900,1206780,2,,,,201174,,,1760,,,,85007,,,,,1762,,,,1763,,77643,,1765,,,
Actinobacteria,CP003990,1265601,2,,,,201174,,,1760,,,,85011,,,,,2062,,,,1883,1,1,1,1265601,1,1,1
Actinobacteria,CP004085,1267754,2,,,,201174,,,1760,,,,85007,,,,,1653,,,,1716,,,,43771,,,
Actinobacteria,CP004346,1254439,2,,,,201174,,,1760,,,,85004,,,,,31953,,,,1678,,,,33905,,,
Actinobacteria,CP004886,1304279,2,,,,201174,,,1760,,,,85007,,,,,1762,,,,1763,,77643,,1773,,,
Actinobacteria,CP005082,1306400,2,,,,201174,,,1760,,,,85007,,,,,1762,,,,1763,,77643,,1773,,,
Actinobacteria,CP005287,1170318,2,,,,201174,,,1760,,,,85009,,,,,31957,,,,1912216,,,,33010,,,
Actinobacteria,CP005386,1310114,2,,,,201174,,,1760,,,,85007,,,,,1762,,,,1763,,77643,,1773,,,
Actinobacteria,CP005928,1199187,2,,,,201174,,,1760,,,,85007,,,,,1762,,,,1763,,120793,,1764,1770,,
Actinobacteria,CP005929,649831,2,,,,201174,,,1760,,,,85008,,,,,28056,,,,1865,1,1,1,649831,1,1,1
Actinobacteria,CT573213,326424,2,,,,201174,,,1760,,,,85013,,,,,74712,,,,1854,,,,1859,,,
Actinobacteria,CU458896,561007,2,,,,201174,,,1760,,,,85007,,,,,1762,,,,1763,,670516,670506,36809,,,
Actinobacteria,FM211192,561304,2,,,,201174,,,1760,,,,85007,,,,,1762,,,,1763,,,,1769,,,
Actinobacteria,FN563149,685727,2,,,,201174,,,1760,,,,85007,,,,,85025,,,,1827,,,,43767,,,
Actinobacteria,FN806773,754252,2,,,,201174,,,1760,,,,85009,,,,,31957,,,,1743,,,,1744,1752,,
Actinobacteria,FO203431,477641,2,,,,201174,,,1760,,,,1643682,,,,,85030,,,,88138,,,,477641,,,
Actinobacteria,FO203507,1205676,2,,,,201174,,,1760,,,,85007,,,,,1762,,,,1763,,77643,,78331,,,
Actinobacteria,FO203509,1205674,2,,,,201174,,,1760,,,,85007,,,,,1762,,,,1763,,77643,,78331,,,
Actinobacteria,FP929034,722911,2,,,,201174,,,1760,,,,85004,,,,,31953,,,,1678,,,,216816,1679,,
Actinobacteria,FP929047,657308,2,,,,201174,,,84998,,,,1643822,,,,,1643826,,,,644652,,,,471189,,,
Actinobacteria,FQ311875,861360,2,,,,201174,,,1760,,,,85006,,,,,1268,,,,1742989,,,,256701,,,
Actinobacteria,FR878060,572418,2,,,,201174,,,1760,,,,85007,,,,,1762,,,,1763,,77643,,33894,,,
Actinobacteria,HE572590,1048245,2,,,,201174,,,1760,,,,85007,,,,,1762,,,,1763,,77643,,78331,,,
Actinobacteria,HE608151,1097669,2,,,,201174,,,1760,,,,85007,,,,,1762,,,,1763,,77643,,1773,,,
Actinobacteria,HE802067,1204414,2,,,,201174,,,1760,,,,85007,,,,,1653,,,,1716,,,,1718,,,
Actinobacteria,HE971709,1214101,2,,,,201174,,,1760,,,,85011,,,,,2062,,,,1883,,,,348043,,,
Bacteroidetes,AP006841,295405,2,,,,976,,,200643,,,,171549,,,,,815,,,,816,,,,817,,,
Bacteroidetes,CP000383,269798,2,,,,976,,,768503,,,,768507,,,,,89373,,,,978,,,,985,,,
Bacteroidetes,CP001673,531844,2,,,,976,,,117743,,,,200644,,,,,49546,1,1,1,1,1,1,1,531844,1,1,1
Bacteroidetes,CP001681,485917,2,,,,976,,,117747,,,,200666,,,,,84566,,,,84567,,,,984,,,
Bacteroidetes,CP001699,485918,2,,,,976,,,1853228,,,,1853229,,,,,563835,,,,79328,,,,79329,,,
Bacteroidetes,CP001807,518766,2,,,,976,,,,,,,1100069,,,,,563843,,,,29548,,,,29549,,,
Bacteroidetes,CP002006,264731,2,,,,976,,,200643,,,,171549,,,,,171552,,,,838,,,,839,,,
Bacteroidetes,CP002122,553174,2,,,,976,,,200643,,,,171549,,,,,171552,,,,838,,,,28132,,,
Bacteroidetes,CP002123,553174,2,,,,976,,,200643,,,,171549,,,,,171552,,,,838,,,,28132,,,
Bacteroidetes,CP002305,649349,2,,,,976,,,768503,,,,768507,,,,,89373,,,,319458,,,,316068,,,
Bacteroidetes,CP002352,693979,2,,,,976,,,200643,,,,171549,,,,,815,,,,816,,,,290053,,,
Bacteroidetes,CP002453,688270,2,,,,976,,,117743,,,,200644,,,,,49546,,,,104264,,,,59600,,,
Bacteroidetes,CP002455,865938,2,,,,976,,,117743,,,,200644,,,,,49546,,,,1013,,,,1014,,,
Bacteroidetes,CP002528,983548,2,,,,976,,,117743,,,,200644,,,,,49546,,,,326319,1,1,1,983548,1,1,1
Bacteroidetes,CP002530,667015,2,,,,976,,,200643,,,,171549,,,,,815,,,,816,,,,376805,,,
Bacteroidetes,CP002534,867900,2,,,,976,,,117743,,,,200644,,,,,49546,,,,104264,,,,979,,,
Bacteroidetes,CP002542,755732,2,,,,976,,,117743,,,,200644,,,,,1853230,,,,332102,,,,191579,,,
Bacteroidetes,CP002544,709991,2,,,,976,,,200643,,,,171549,,,,,1853231,,,,283168,,,,28118,,,
Bacteroidetes,CP002545,762903,2,,,,976,,,117747,,,,200666,,,,,84566,,,,1649482,,,,151895,,,
Bacteroidetes,CP002589,767031,2,,,,976,,,200643,,,,171549,,,,,171552,,,,838,,,,28129,,,
Bacteroidetes,CP002691,760192,2,,,,976,,,1853228,,,,1853229,,,,,89374,,,,2349,,,,2350,,,
Bacteroidetes,CP002859,761193,2,,,,976,,,768503,,,,768507,,,,,89373,,,,105,,,,106,,,
Bacteroidetes,CP002955,880070,2,,,,976,,,768503,,,,768507,,,,,563798,,,,68288,,,,104,,,
Bacteroidetes,CP003280,746697,2,,,,976,,,117743,,,,200644,,,,,49546,,,,153265,,,,101385,,,
Bacteroidetes,CP003283,867902,2,,,,976,,,117743,,,,200644,,,,,49546,,,,28250,,,,28251,,,
Bacteroidetes,CP003346,926556,2,,,,976,,,768503,,,,768507,,,,,563798,,,,390846,,,,390884,,,
Bacteroidetes,CP003349,929556,2,,,,976,,,117747,,,,200666,,,,,84566,,,,929509,,,,995,,,
Bacteroidetes,CP003388,693978,2,,,,976,,,117743,,,,200644,,,,,49546,,,,34084,,,,34085,,,
Bacteroidetes,CP003787,1228997,2,,,,976,,,117743,,,,200644,,,,,49546,,,,34084,,,,34085,,,
Bacteroidetes,CP003879,313595,2,,,,976,,,117743,,,,200644,,,,,49546,,,,83612,,,,57029,,,
Bacteroidetes,CR626927,272559,2,,,,976,,,200643,,,,171549,,,,,815,,,,816,,,,817,,,
Bacteroidetes,CU207366,411154,2,,,,976,,,117743,,,,200644,,,,,49546,,,,292691,,,,411153,,,
Bacteroidetes,FP929032,717959,2,,,,976,,,200643,,,,171549,,,,,171550,,,,239759,,,,328814,,,
Bacteroidetes,FQ312004,862962,2,,,,976,,,200643,,,,171549,,,,,815,,,,816,,,,817,,,
Bacteroidetes,FQ859183,1034807,2,,,,976,,,117743,,,,200644,,,,,49546,,,,237,,,,55197,,,
Bacteroidetes,HE774682,1094466,2,,,,976,,,117743,,,,200644,,,,,49546,,,,237,,,,312277,,,
Chlorobi,AE006470,194439,2,,,,1090,,,191410,,,,191411,,,,,191412,,,,256319,,,,1097,,,
Chlorobi,CP000096,319225,2,,,,1090,,,191410,,,,191411,,,,,191412,,,,1099,,,,1100,,,
Chlorobi,CP000108,340177,2,,,,1090,,,191410,,,,191411,,,,,191412,,,,1091,,,,337090,,,
Chlorobi,CP000492,290317,2,,,,1090,,,191410,,,,191411,,,,,191412,,,,1091,,,,1096,,,
Chlorobi,CP000607,290318,2,,,,1090,,,191410,,,,191411,,,,,191412,,,,1091,,,,1094,,,
Chlorobi,CP001097,290315,2,,,,1090,,,191410,,,,191411,,,,,191412,,,,1091,,,,1092,,,
Chlorobi,CP001099,517417,2,,,,1090,,,191410,,,,191411,,,,,191412,,,,256319,,,,274539,,,
Chlorobi,CP001100,517418,2,,,,1090,,,191410,,,,191411,,,,,191412,,,,100715,,,,100716,,,
Chlorobi,CP001101,331678,2,,,,1090,,,191410,,,,191411,,,,,191412,,,,1091,,,,1096,,,
Chlorobi,CP001108,290512,2,,,,1090,,,191410,,,,191411,,,,,191412,,,,1101,,,,1102,,,
Chlorobi,CP001110,324925,2,,,,1090,,,191410,,,,191411,,,,,191412,,,,1099,,,,34090,,,
Chloroflexi,AJ965256,255470,2,,,,200795,,,301297,,,,1202465,,,,,1202464,,,,61434,,,,61435,,,
Chloroflexi,AP012029,926569,2,,,,200795,,,292625,,,,292629,,,,,292628,,,,233189,,,,167964,,,
Chloroflexi,AP012337,926550,2,,,,200795,,,475962,,,,475963,,,,,475964,,,,233191,,,,133453,,,
Chloroflexi,CP000027,243164,2,,,,200795,,,301297,,,,1202465,,,,,1202464,,,,61434,,,,61435,,,
Chloroflexi,CP000686,357808,2,,,,200795,,,32061,,,,32064,1508595,,,,1508635,,,,120961,1,1,1,357808,1,1,1
Chloroflexi,CP000688,216389,2,,,,200795,,,301297,,,,1202465,,,,,1202464,,,,61434,,,,61435,,,
Chloroflexi,CP000804,383372,2,,,,200795,,,32061,,,,32064,1508595,,,,1508635,,,,120961,,,,120962,,,
Chloroflexi,CP000875,316274,2,,,,200795,,,32061,,,,189772,,,,,189773,,,,64,,,,65,,,
Chloroflexi,CP000909,324602,2,,,,200795,,,32061,,,,32064,1508594,,,,1106,,,,1107,,,,1108,,,
Chloroflexi,CP001275,309801,2,,,,200795,,,189775,,,,189776,,,,,189777,,,,499,,,,500,,,
Chloroflexi,CP001337,326427,2,,,,200795,,,32061,,,,32064,1508594,,,,1106,,,,1107,,,,152260,,,
Chloroflexi,CP001364,480224,2,,,,200795,,,32061,,,,32064,1508594,,,,1106,,,,1107,1,1,1,480224,1,1,1
Chloroflexi,CP001823,479434,2,,,,200795,,,189775,85000,,,85001,255728,,,,85002,,,,2056,,,,2057,,,
Chloroflexi,CP001824,479434,2,,,,200795,,,189775,85000,,,85001,255728,,,,85002,,,,2056,,,,2057,,,
Chloroflexi,CP001827,311424,2,,,,200795,,,301297,,,,1202465,,,,,1202464,,,,61434,,,,61435,,,
Chloroflexi,CP001924,633145,2,,,,200795,,,301297,,,,1202465,,,,,1202464,,,,61434,,,,61435,,,
Chloroflexi,CP002084,552811,2,,,,200795,,,301297,,,,,,,,,,,,,670486,,,,552810,,,
Chloroflexi,CP004079,1193807,2,,,,200795,,,301297,,,,1202465,,,,,1202464,,,,61434,,,,61435,,,
Chloroflexi,CP004080,1193806,2,,,,200795,,,301297,,,,1202465,,,,,1202464,,,,61434,,,,61435,,,
Crenarchaeota,AE006641,273057,2157,,,,28889,,,183924,,,,2281,,,,,118883,,,,2284,,,,2287,,,
Crenarchaeota,AE009441,178306,2157,,,,28889,,,183924,,,,2266,,,,,2267,,,,2276,,,,13773,,,
Crenarchaeota,BA000002.3,1032473,10239,,,,,,,,,,,,,,,,,,,,,,,,1032473,,,
Crenarchaeota,BA000023,273063,2157,,,,28889,,,183924,,,,2281,,,,,118883,,,,2284,,,,111955,,,
Crenarchaeota,CP000077,330779,2157,,,,28889,,,183924,,,,2281,,,,,118883,,,,2284,,,,2285,,,
Crenarchaeota,CP000493,415426,2157,,,,28889,,,183924,,,,114380,,,,,2307,,,,54247,,,,54248,,,
Crenarchaeota,CP000504,384616,2157,,,,28889,,,183924,,,,2266,,,,,2267,,,,2276,,,,2277,,,
Crenarchaeota,CP000505,368408,2157,,,,28889,,,183924,,,,2266,,,,,114378,,,,2268,,,,2269,,,
Crenarchaeota,CP000561,410359,2157,,,,28889,,,183924,,,,2266,,,,,2267,,,,2276,,,,181486,,,
Crenarchaeota,CP000575,399550,2157,,,,28889,,,183924,,,,114380,,,,,2272,,,,2279,,,,2280,,,
Crenarchaeota,CP000660,340102,2157,,,,28889,,,183924,,,,2266,,,,,2267,,,,2276,,,,121277,,,
Crenarchaeota,CP000682,399549,2157,,,,28889,,,183924,,,,2281,,,,,118883,,,,41980,,,,43687,,,
Crenarchaeota,CP000816,453591,2157,,,,28889,,,183924,,,,114380,,,,,2272,,,,54258,,,,160233,,,
Crenarchaeota,CP000852,397948,2157,,,,28889,,,183924,,,,2266,,,,,2267,,,,76886,,,,76887,,,
Crenarchaeota,CP001014,444157,2157,,,,28889,,,183924,,,,2266,,,,,2267,,,,2276,,,,70771,,,
Crenarchaeota,CP001140,490899,2157,,,,28889,,,183924,,,,114380,,,,,2272,,,,2273,,,,477693,,,
Crenarchaeota,CP001399,429572,2157,,,,28889,,,183924,,,,2281,,,,,118883,,,,2284,,,,43080,,,
Crenarchaeota,CP001400,427317,2157,,,,28889,,,183924,,,,2281,,,,,118883,,,,2284,,,,43080,,,
Crenarchaeota,CP001401,427318,2157,,,,28889,,,183924,,,,2281,,,,,118883,,,,2284,,,,43080,,,
Crenarchaeota,CP001402,426118,2157,,,,28889,,,183924,,,,2281,,,,,118883,,,,2284,,,,43080,,,
Crenarchaeota,CP001403,439386,2157,,,,28889,,,183924,,,,2281,,,,,118883,,,,2284,,,,43080,,,
Crenarchaeota,CP001404,419942,2157,,,,28889,,,183924,,,,2281,,,,,118883,,,,2284,,,,43080,,,
Crenarchaeota,CP001731,425944,2157,,,,28889,,,183924,,,,2281,,,,,118883,,,,2284,,,,43080,,,
Crenarchaeota,CP001742,666510,2157,,,,28889,,,183924,,,,871006,,,,,871007,,,,105850,,,,242703,,,
Crenarchaeota,CP001800,555311,2157,,,,28889,,,183924,,,,2281,,,,,118883,,,,2284,,,,2287,,,
Crenarchaeota,CP001939,633148,2157,,,,28889,,,183924,,,,114380,,,,,2272,,,,54253,,,,54254,,,
Crenarchaeota,CP002051,591019,2157,,,,28889,,,183924,,,,114380,,,,,2272,,,,2279,,,,84599,,,
Crenarchaeota,CP002098,583356,2157,,,,28889,,,183924,,,,114380,,,,,2272,,,,334767,,,,334771,,,
Crenarchaeota,CP002100,572478,2157,,,,28889,,,183924,,,,2266,,,,,2267,,,,164450,,,,164451,,,
Crenarchaeota,CP002363,765177,2157,,,,28889,,,183924,,,,114380,,,,,2272,,,,2273,,,,2275,,,
Crenarchaeota,CP002425,930945,2157,,,,28889,,,183924,,,,2281,,,,,118883,,,,2284,,,,43080,,,
Crenarchaeota,CP002426,930943,2157,,,,28889,,,183924,,,,2281,,,,,118883,,,,2284,,,,43080,,,
Crenarchaeota,CP002529,985053,2157,,,,28889,,,183924,,,,2266,,,,,2267,,,,164450,,,,985052,,,
Crenarchaeota,CP002535,933801,2157,,,,28889,,,183924,,,,2281,,,,,118883,,,,12914,,,,563177,,,
Crenarchaeota,CP002590,999630,2157,,,,28889,,,183924,,,,2266,,,,,2267,,,,2270,,,,184117,,,
Crenarchaeota,CP002656,1006006,2157,,,,28889,,,183924,,,,2281,,,,,118883,,,,41980,,,,1006005,,,
Crenarchaeota,CP002817,1028566,2157,,,,28889,,,183924,,,,2281,,,,,118883,,,,2284,,,,2285,,,
Crenarchaeota,CP002818,1028567,2157,,,,28889,,,183924,,,,2281,,,,,118883,,,,2284,,,,2285,,,
Crenarchaeota,CP002838,694429,2157,,,,28889,,,183924,,,,114380,,,,,2307,,,,54251,,,,54252,,,
Crenarchaeota,CP003098,1104324,2157,,,,28889,,,183924,,,,2266,,,,,2267,,,,2276,,,,1104324,,,
Crenarchaeota,CP003316,698757,2157,,,,28889,,,183924,,,,2266,,,,,2267,,,,2276,,,,99007,,,
Crenarchaeota,CP003321,768672,2157,,,,28889,,,183924,,,,114380,,,,,2272,,,,2273,,,,228748,,,
Crenarchaeota,CP003378,1056495,2157,,,,28889,,,183924,,,,871006,,,,,255472,,,,200414,,,,200415,,,
Crenarchaeota,CP003423,1163730,2157,,,,28889,,,183924,,,,685948,,,,,685949,,,,685950,,,,683846,,,
Crenarchaeota,CP003531,1184251,2157,,,,28889,,,183924,,,,114380,,,,,2272,,,,477695,,,,1200300,,,
Crenarchaeota,CP003928,1241935,2157,,,,28889,,,183924,,,,2281,,,,,118883,,,,2284,,,,43080,,,
Crenarchaeota,FN869859,768679,2157,,,,28889,,,183924,,,,2266,,,,,2267,,,,2270,,,,2271,,,
Cyanobacteria,AE017126,167539,2,,,,1117,,,,,,,1890424,,,,,1213,,,,1218,,,,1219,142554,,
Cyanobacteria,AP008231,269084,2,,,,1117,,,,,,,1890424,,,,,1890426,,,,1129,,,,32046,,,
Cyanobacteria,AP009552,449447,2,,,,1117,,,,1301283,,,1118,,,,,1890449,,,,1125,,,,1126,,,
Cyanobacteria,AP011615,696747,2,,,,1117,,,,1301283,,,1150,,,,,1892252,,,,35823,,,,118562,,,
Cyanobacteria,AP012205,1148,2,,,,1117,,,,,,,1890424,,,,,1890428,,,,1142,1,1,1,1148,1,1,1
Cyanobacteria,AP012276,1080228,2,,,,1117,,,,,,,1890424,,,,,1890428,,,,1142,1,1,1,1148,1,1,1
Cyanobacteria,AP012277,1080229,2,,,,1117,,,,,,,1890424,,,,,1890428,,,,1142,1,1,1,1148,1,1,1
Cyanobacteria,AP012278,1080230,2,,,,1117,,,,,,,1890424,,,,,1890428,,,,1142,1,1,1,1148,1,1,1
Cyanobacteria,AP012495,1148,2,,,,1117,,,,,,,1890424,,,,,1890428,,,,1142,1,1,1,1148,1,1,1
Cyanobacteria,BA000019,103690,2,,,,1117,,,,,,,1161,,,,,1162,,,,1177,1,1,1,103690,1,1,1
Cyanobacteria,BA000022,1148,2,,,,1117,,,,,,,1890424,,,,,1890428,,,,1142,1,1,1,1148,1,1,1
Cyanobacteria,BA000039,197221,2,,,,1117,,,,,,,1890424,,,,,1890426,,,,146785,,,,146786,,,
Cyanobacteria,BA000045,251221,2,,,,1117,,,307596,,,,307595,,,,,1890422,,,,33071,,,,33072,,,
Cyanobacteria,BX548020,84588,2,,,,1117,,,,,,,1890424,,,,,1890426,,,,1129,1,1,1,84588,1,1,1
Cyanobacteria,BX548174,59919,2,,,,1117,,,,,,,1890424,,,,,1213,,,,1218,,,,1219,142479,,
Cyanobacteria,BX548175,74547,2,,,,1117,,,,,,,1890424,,,,,1213,,,,1218,,,,1219,,,
Cyanobacteria,CP000095,59920,2,,,,1117,,,,,,,1890424,,,,,1213,,,,1218,,,,1219,,,
Cyanobacteria,CP000097,316279,2,,,,1117,,,,,,,1890424,,,,,1890426,,,,1129,1,1,1,316279,1,1,1
Cyanobacteria,CP000100,1140,2,,,,1117,,,,,,,1890424,,,,,1890426,,,,1129,,,,32046,,,
Cyanobacteria,CP000110,110662,2,,,,1117,,,,,,,1890424,,,,,1890426,,,,1129,1,1,1,110662,1,1,1
Cyanobacteria,CP000111,74546,2,,,,1117,,,,,,,1890424,,,,,1213,,,,1218,,,,1219,,,
Cyanobacteria,CP000117,240292,2,,,,1117,,,,,,,1161,,,,,1162,,,,1163,,,,1172,,,
Cyanobacteria,CP000239,321327,2,,,,1117,,,,,,,1890424,,,,,1890426,,,,1129,1,1,1,321327,1,1,1
Cyanobacteria,CP000240,321332,2,,,,1117,,,,,,,1890424,,,,,1890426,,,,1129,1,1,1,321332,1,1,1
Cyanobacteria,CP000393,203124,2,,,,1117,,,,1301283,,,1150,,,,,1892252,,,,1205,,,,1206,,,
Cyanobacteria,CP000435,64471,2,,,,1117,,,,,,,1890424,,,,,1890426,,,,1129,1,1,1,64471,1,1,1
Cyanobacteria,CP000551,146891,2,,,,1117,,,,,,,1890424,,,,,1213,,,,1218,,,,1219,,,
Cyanobacteria,CP000552,167542,2,,,,1117,,,,,,,1890424,,,,,1213,,,,1218,,,,1219,,,
Cyanobacteria,CP000553,167555,2,,,,1117,,,,,,,1890424,,,,,1213,,,,1218,,,,1219,,,
Cyanobacteria,CP000554,59922,2,,,,1117,,,,,,,1890424,,,,,1213,,,,1218,,,,1219,,,
Cyanobacteria,CP000576,167546,2,,,,1117,,,,,,,1890424,,,,,1213,,,,1218,,,,1219,,,
Cyanobacteria,CP000806,43989,2,,,,1117,,,,1301283,,,1150,,,,,1892249,,,,43988,1,1,1,43989,1,1,1
Cyanobacteria,CP000825,93060,2,,,,1117,,,,,,,1890424,,,,,1213,,,,1218,,,,1219,,,
Cyanobacteria,CP000828,329726,2,,,,1117,,,,,,,1890424,,,,,1890429,,,,155977,,,,155978,,,
Cyanobacteria,CP000878,93059,2,,,,1117,,,,,,,1890424,,,,,1213,,,,1218,,,,1219,,,
Cyanobacteria,CP000951,32049,2,,,,1117,,,,,,,1890424,,,,,1890426,,,,1129,1,1,1,32049,1,1,1
Cyanobacteria,CP001037,63737,2,,,,1117,,,,,,,1161,,,,,1162,,,,1177,,,,272131,,,
Cyanobacteria,CP001287,41431,2,,,,1117,,,,1301283,,,1150,,,,,1892249,,,,43988,1,1,1,41431,1,1,1
Cyanobacteria,CP001291,65393,2,,,,1117,,,,1301283,,,1150,,,,,1892249,,,,43988,1,1,1,65393,1,1,1
Cyanobacteria,CP001344,395961,2,,,,1117,,,,1301283,,,1150,,,,,1892249,,,,43988,1,1,1,395961,1,1,1
Cyanobacteria,CP001701,395962,2,,,,1117,,,,1301283,,,1150,,,,,1892249,,,,43988,1,1,1,395962,1,1,1
Cyanobacteria,CP001842,1453429,2,,,,1117,,,,1301283,,,1118,,,,,1890450,,,,1453359,,,,713887,,,
Cyanobacteria,CP002059,551115,2,,,,1117,,,,,,,1161,,,,,1162,,,,264688,,,,1164,,,
Cyanobacteria,CP002198,497965,2,,,,1117,,,,1301283,,,1150,,,,,1892249,,,,43988,1,1,1,497965,1,1,1
Cyanobacteria,CP003265,1148,2,,,,1117,,,,,,,1890424,,,,,1890428,,,,1142,1,1,1,1148,1,1,1
Cyanobacteria,CP003495,292564,2,,,,1117,,,,,,,1890424,,,,,1890426,,,,167375,,,,59930,,,
Cyanobacteria,CP003548,317936,2,,,,1117,,,,,,,1161,,,,,1162,,,,1177,1,1,1,317936,1,1,1
Cyanobacteria,CP003549,373994,2,,,,1117,,,,,,,1161,,,,,1185,,,,373984,1,1,1,373994,1,1,1
Cyanobacteria,CP003552,28072,2,,,,1117,,,,,,,1161,,,,,1162,,,,1177,1,1,1,28072,1,1,1
Cyanobacteria,CP003558,195253,2,,,,1117,,,,,,,1890424,,,,,1890426,,,,1129,1,1,1,195253,1,1,1
Cyanobacteria,CP003590,118163,2,,,,1117,,,,,,,52604,,,,,1890500,,,,44474,,,,54308,,,
Cyanobacteria,CP003591,1173025,2,,,,1117,,,,1301283,,,1150,,,,,1892251,,,,63132,1,1,1,1173025,1,1,1
Cyanobacteria,CP003592,82654,2,,,,1117,,,,,,,1890424,,,,,1890436,,,,1152,1,1,1,82654,1,1,1
Cyanobacteria,CP003594,1173263,2,,,,1117,,,,,,,1890424,,,,,1890426,,,,1129,1,1,1,1173263,1,1,1
Cyanobacteria,CP003597,251229,2,,,,1117,,,,,,,1890505,,,,,1890528,,,,54298,,,,54299,,,
Cyanobacteria,CP003600,1173020,2,,,,1117,,,,,,,1890424,,,,,1890431,,,,217161,,,,1173032,,,
Cyanobacteria,CP003607,56110,2,,,,1117,,,,1301283,,,1150,,,,,1892254,,,,1158,,,,118323,,,
Cyanobacteria,CP003610,1170562,2,,,,1117,,,,,,,1161,,,,,1185,,,,1186,,,,32054,,,
Cyanobacteria,CP003614,179408,2,,,,1117,,,,1301283,,,1150,,,,,1892254,,,,1158,,,,482564,,,
Cyanobacteria,CP003620,1173022,2,,,,1117,,,,1301283,,,1150,,,,,1892255,,,,241421,,,,241425,,,
Cyanobacteria,CP003630,1173027,2,,,,1117,,,,1301283,,,1150,,,,,1892252,,,,44471,1,1,1,1173027,1,1,1
Cyanobacteria,CP003642,56107,2,,,,1117,,,,,,,1161,,,,,1162,,,,56106,,,,142864,,,
Cyanobacteria,CP003646,1173026,2,,,,1117,,,,1301283,,,1118,,,,,1890464,,,,102231,1,1,1,1173026,1,1,1
Cyanobacteria,CP003653,111780,2,,,,1117,,,,,,,52604,,,,,1890498,,,,102115,,,,102116,,,
Cyanobacteria,CP003659,272123,2,,,,1117,,,,,,,1161,,,,,1162,,,,1163,,,,1165,,,
Cyanobacteria,CP003940,292563,2,,,,1117,,,,1301283,,,1118,,,,,1890452,,,,102234,,,,102235,,,
Cyanobacteria,CP003943,99598,2,,,,1117,,,,,,,1161,,,,,1185,,,,1186,1,1,1,99598,1,1,1
Cyanobacteria,CP003944,13035,2,,,,1117,,,,,,,1890424,,,,,1890426,,,,13034,,,,292566,,,
Cyanobacteria,CP003945,65093,2,,,,1117,,,,1301283,,,1118,,,,,1890450,,,,76023,1,1,1,65093,1,1,1
Cyanobacteria,CP003946,111781,2,,,,1117,,,,,,,1890424,,,,,1890438,,,,47251,1,1,1,111781,1,1,1
Cyanobacteria,CP003947,755178,2,,,,1117,,,,1301283,,,1118,,,,,1890452,,,,102234,,,,379064,,,
Cyanobacteria,CT971583,32051,2,,,,1117,,,,,,,1890424,,,,,1890426,,,,1129,1,1,1,32051,1,1,1
Cyanobacteria,CT978603,316278,2,,,,1117,,,,,,,1890424,,,,,1890426,,,,1129,1,1,1,316278,1,1,1
Elusimicrobia,AP009510,471821,2,,,,74152,1,1,1,1,1,1,1,1,1,1,1,1,1,1,1,1,1,1,1,167965,1,1,1
Elusimicrobia,CP001055,445932,2,,,,74152,,,641853,,,,641854,,,,,641876,,,,423604,,,,423605,,,
Euryarchaeota,AE000666,187420,2157,,,,28890,,,183925,,,,2158,,,,,2159,,,,145260,,,,145262,,,
Euryarchaeota,AE004437,64091,2157,,,,28890,,,183963,,,,2235,,,,,2236,,,,2239,,,,2242,,,
Euryarchaeota,AE009950,186497,2157,,,,28890,,,183968,,,,2258,,,,,2259,,,,2260,,,,2261,,,
Euryarchaeota,AE010299,188937,2157,,,,28890,,,224756,,,,94695,,,,,2206,,,,2207,,,,2214,,,
Euryarchaeota,AE017261,263820,2157,,,,28890,,,183967,,,,2301,,,,,46630,,,,46631,,,,82076,,,
Euryarchaeota,AM114193,351160,2157,,,,28890,,,224756,,,,570264,,,,,570265,,,,570266,,,,1175445,,,
Euryarchaeota,AM180088,362976,2157,,,,28890,,,183963,,,,1644055,,,,,1644056,,,,293431,,,,293091,,,
Euryarchaeota,AP006878,69014,2157,,,,28890,,,183968,,,,2258,,,,,2259,,,,2263,,,,311400,,,
Euryarchaeota,AP011532,304371,2157,,,,28890,,,224756,,,,570264,,,,,570265,,,,570266,,,,570267,,,
Euryarchaeota,AY596297,43049,2759,4751,451864,,5204,452284,,452283,,,,62916,,,,,5279,,,,13289,,,,43049,,,
Euryarchaeota,BA000001,70601,2157,,,,28890,,,183968,,,,2258,,,,,2259,,,,2260,,,,53953,,,
Euryarchaeota,CP000099,269797,2157,,,,28890,,,224756,,,,94695,,,,,2206,,,,2207,,,,2208,,,
Euryarchaeota,CP000254,323259,2157,,,,28890,,,224756,,,,2191,,,,,196137,,,,2202,,,,2203,,,
Euryarchaeota,CP000559,410358,2157,,,,28890,,,224756,,,,2191,,,,,88404,,,,2192,,,,83984,,,
Euryarchaeota,CP000743,419665,2157,,,,28890,,,183939,,,,2182,,,,,2183,,,,2184,,,,42879,,,
Euryarchaeota,CP000780,456442,2157,,,,28890,,,224756,,,,2191,,,,,1198451,,,,395331,,,,358766,,,
Euryarchaeota,CP000855,523850,2157,,,,28890,,,183968,,,,2258,,,,,2259,,,,2263,,,,342948,,,
Euryarchaeota,CP001365,416348,2157,,,,28890,,,183963,,,,1644055,,,,,1644056,,,,56688,,,,2247,,,
Euryarchaeota,CP001398,593117,2157,,,,28890,,,183968,,,,2258,,,,,2259,,,,2263,,,,187878,,,
Euryarchaeota,CP001696,573064,2157,,,,28890,,,183939,,,,2182,,,,,196117,,,,196118,,,,83171,,,
Euryarchaeota,CP001710,79929,2157,,,,28890,,,183925,,,,2158,,,,,2159,,,,145260,,,,145263,,,
Euryarchaeota,CP001860,543526,2157,,,,28890,,,183963,,,,1644060,,,,,1644061,,,,121871,,,,62320,,,
Euryarchaeota,CP001899,589924,2157,,,,28890,,,183980,,,,2231,,,,,2232,,,,54260,,,,54261,,,
Euryarchaeota,CP001932,547559,2157,,,,28890,,,183963,,,,1644060,,,,,1644061,,,,63742,,,,13769,,,
Euryarchaeota,CP001941,439481,2157,,,,28890,,,,,,,,,,,,,,,,379546,,,,379547,,,
Euryarchaeota,CP002101,679901,2157,,,,28890,,,224756,,,,94695,,,,,2206,,,,196136,,,,39669,,,
Euryarchaeota,CP002278,523846,2157,,,,28890,,,183925,,,,2158,,,,,2178,,,,2179,,,,2180,,,
Euryarchaeota,CP002551,877455,2157,,,,28890,,,183925,,,,2158,,,,,2159,,,,2160,,,,877455,,,
Euryarchaeota,CP002772,868131,2157,,,,28890,,,183925,,,,2158,,,,,2159,,,,2160,,,,868131,,,
Euryarchaeota,CP002839,797210,2157,,,,28890,,,183963,,,,1644060,,,,,1644061,,,,387342,,,,387343,,,
Euryarchaeota,CP002913,1053692,2157,,,,28890,,,183939,,,,2182,,,,,2183,,,,2184,,,,39152,,,
Euryarchaeota,CP002916,1054217,2157,,,,28890,,,183967,,,,2301,1,1,1,1,1,1,1,1,1,1,1,1,1054217,1,1,1
Euryarchaeota,CP002920,1042877,2157,,,,28890,,,183968,,,,2258,,,,,2259,,,,2263,1,1,1,1042877,1,1,1
Euryarchaeota,CP002952,246969,2157,,,,28890,,,183968,,,,2258,,,,,2259,,,,2263,1,1,1,246969,1,1,1
Euryarchaeota,CP003117,1110509,2157,,,,28890,,,224756,,,,94695,,,,,143067,,,,2222,,,,301375,,,
Euryarchaeota,CP003243,1041930,2157,,,,28890,,,224756,,,,570264,,,,,570265,,,,570266,,,,1175444,,,
Euryarchaeota,CP003372,797303,2157,,,,28890,,,183963,,,,1644060,,,,,1644061,,,,88723,,,,69525,,,
Euryarchaeota,CP003377,797304,2157,,,,28890,,,183963,,,,1644060,,,,,1644061,,,,2256,,,,44930,,,
Euryarchaeota,CP003412,406552,2157,,,,28890,,,183963,,,,1644060,,,,,1644061,,,,88723,1,1,1,406552,1,1,1
Euryarchaeota,CP003534,1183377,2157,,,,28890,,,183968,,,,2258,,,,,2259,,,,2260,1,1,1,1183377,1,1,1
Euryarchaeota,CP003685,1185654,2157,,,,28890,,,183968,,,,2258,,,,,2259,,,,2260,,,,2261,,,
Euryarchaeota,CP005290,387631,2157,,,,28890,,,183980,,,,2231,,,,,2232,,,,2233,,,,1316941,,,
Euryarchaeota,CR936257,348780,2157,,,,28890,,,183963,,,,2235,,,,,2236,,,,63743,,,,2257,,,
Euryarchaeota,FR746099,768065,2157,,,,28890,,,183963,,,,1644055,,,,,1644056,,,,293431,,,,293091,,,
Euryarchaeota,L77117,243232,2157,,,,28890,,,183939,,,,2182,,,,,196117,,,,196118,,,,2190,,,
Firmicutes,AE004092,160490,2,,,,1239,,,91061,,,,186826,,,,,1300,,,,1301,,,,1314,,,
Firmicutes,AE005176,272623,2,,,,1239,,,91061,,,,186826,,,,,1300,,,,1357,,,,1358,1360,,
Firmicutes,AE016879,198094,2,,,,1239,,,91061,,,,1385,,,,,186817,,,,1386,,86661,,1392,,,
Firmicutes,AE017225,260799,2,,,,1239,,,91061,,,,1385,,,,,186817,,,,1386,,86661,,1392,,,
Firmicutes,AE017262,265669,2,,,,1239,,,91061,,,,1385,,,,,186820,,,,1637,,,,1639,,,
Firmicutes,AM406671,416870,2,,,,1239,,,91061,,,,186826,,,,,1300,,,,1357,,,,1358,1359,,
Firmicutes,AP006840,292459,2,,,,1239,,,186801,,,,186802,,,,,543349,,,,2733,,,,2734,,,
Firmicutes,AP008955,358681,2,,,,1239,,,91061,,,,1385,,,,,186822,,,,55080,,,,1393,,,
Firmicutes,AP008971,334413,2,,,,1239,,,1737404,,,,1737405,,,,,1570339,,,,150022,,,,1260,,,
Firmicutes,AP009333,420890,2,,,,1239,,,91061,,,,186826,,,,,1300,,,,1357,,,,1363,,,
Firmicutes,AP009484,458233,2,,,,1239,,,91061,,,,1385,,,,,90964,,,,69965,,,,69966,,,
Firmicutes,AP012027,650150,2,,,,1239,,,526524,,,,526525,,,,,128827,,,,1647,,,,1648,,,
Firmicutes,AP012281,1046624,2,,,,1239,,,91061,,,,186826,,,,,1300,,,,1357,,,,1358,1360,,
Firmicutes,BA000004.3,272558,2,,,,1239,,,91061,,,,1385,,,,,186817,,,,1386,,,,86665,,,
Firmicutes,CM000748,527025,2,,,,1239,,,91061,,,,1385,,,,,186817,,,,1386,,86661,,1428,,,
Firmicutes,CP000002.3,279010,2,,,,1239,,,91061,,,,1385,,,,,186817,,,,1386,,653685,,1402,,,
Firmicutes,CP000154,349520,2,,,,1239,,,91061,,,,1385,,,,,186822,,,,44249,,,,1406,,,
Firmicutes,CP000422,278197,2,,,,1239,,,91061,,,,186826,,,,,33958,,,,1253,,,,1255,,,
Firmicutes,CP000557,420246,2,,,,1239,,,91061,,,,1385,,,,,186817,,,,129337,,,,33940,,,
Firmicutes,CP000612,349161,2,,,,1239,,,186801,,,,186802,,,,,186807,,,,1562,,,,59610,,,
Firmicutes,CP000679,351627,2,,,,1239,,,186801,,,,68295,,,,,543371,,,,44000,,,,44001,,,
Firmicutes,CP000721,290402,2,,,,1239,,,186801,,,,186802,,,,,31979,,,,1485,,,,1520,,,
Firmicutes,CP000813,315750,2,,,,1239,,,91061,,,,1385,,,,,186817,,,,1386,,,,1408,,,
Firmicutes,CP000860,477974,2,,,,1239,,,186801,,,,186802,,,,,186807,,,,471826,,,,471827,,,
Firmicutes,CP000885,357809,2,,,,1239,,,186801,,,,186802,,,,,186803,,,,1506553,,,,66219,,,
Firmicutes,CP000922,491915,2,,,,1239,,,91061,,,,1385,,,,,186817,,,,150247,,,,33934,,,
Firmicutes,CP001022,262543,2,,,,1239,,,91061,,,,1385,,,,,,,,,33986,,,,332410,,,
Firmicutes,CP001034,457570,2,,,,1239,,,186801,,,,485256,,,,,485255,,,,375928,,,,375929,,,
Firmicutes,CP001098,373903,2,,,,1239,,,186801,,,,53433,,,,,972,,,,32636,,,,31909,,,
Firmicutes,CP001107,515619,2,,,,1239,,,186801,,,,186802,,,,,186803,,,,,,,,39491,,,
Firmicutes,CP001145,309798,2,,,,1239,,,186801,,,,68295,,,,,227387,,,,68335,,,,35786,,,
Firmicutes,CP001336,272564,2,,,,1239,,,186801,,,,186802,,,,,186807,,,,36853,,,,49338,,,
Firmicutes,CP001393,521460,2,,,,1239,,,186801,,,,68295,,,,,543371,,,,44000,,,,31899,,,
Firmicutes,CP001638,471223,2,,,,1239,,,91061,,,,1385,,,,,186817,,,,129337,1,1,1,471223,1,1,1
Firmicutes,CP001791,439292,2,,,,1239,,,91061,,,,1385,,,,,186821,,,,,,,,85683,,,
Firmicutes,CP001794,544556,2,,,,1239,,,91061,,,,1385,,,,,186817,,,,129337,1,1,1,544556,1,1,1
Firmicutes,CP001810,515622,2,,,,1239,,,186801,,,,186802,,,,,186803,,,,830,,,,43305,,,
Firmicutes,CP001834,684738,2,,,,1239,,,91061,,,,186826,,,,,1300,,,,1357,,,,1358,1360,,
Firmicutes,CP001845,697283,2,,,,1239,,,91061,,,,186826,,,,,1300,,,,1301,,,,1313,,,
Firmicutes,CP001982,592022,2,,,,1239,,,91061,,,,1385,,,,,186817,,,,1386,,,,1404,,,
Firmicutes,CP002017,562970,2,,,,1239,,,91061,,,,1385,,,,,186823,,,,1129704,,,,33943,,,
Firmicutes,CP002028,635013,2,,,,1239,,,186801,,,,186802,,,,,186807,,,,278993,,,,863643,,,
Firmicutes,CP002048,643648,2,,,,1239,,,186801,,,,186802,,,,,68298,,,,129001,,,,86170,,,
Firmicutes,CP002091,768494,2,,,,1239,,,91061,,,,1385,,,,,186817,,,,1386,,86661,,1392,,,
Firmicutes,CP002207,720555,2,,,,1239,,,91061,,,,1385,,,,,186817,,,,1386,,653685,,1452,,,
Firmicutes,CP002210,573062,2,,,,1239,,,186801,,,,68295,,,,,186814,,,,1754,1,1,1,573062,1,1,1
Firmicutes,CP002213,886882,2,,,,1239,,,91061,,,,1385,,,,,186822,,,,44249,,,,1406,,,
Firmicutes,CP002216,632518,2,,,,1239,,,186801,,,,68295,,,,,543371,,,,44000,,,,55205,,,
Firmicutes,CP002219,632292,2,,,,1239,,,186801,,,,68295,,,,,543371,,,,44000,,,,413888,,,
Firmicutes,CP002293,581103,2,,,,1239,,,91061,,,,1385,,,,,186817,,,,129337,1,1,1,581103,1,1,1
Firmicutes,CP002326,632335,2,,,,1239,,,186801,,,,68295,,,,,543371,,,,44000,,,,52765,,,
Firmicutes,CP002344,644966,2,,,,1239,,,186801,,,,186802,,,,,539000,,,,73918,,,,73919,,,
Firmicutes,CP002365,929102,2,,,,1239,,,91061,,,,186826,,,,,1300,,,,1357,,,,1358,1360,,
Firmicutes,CP002400,663278,2,,,,1239,,,186801,,,,186802,,,,,541000,,,,253238,,,,253239,,,
Firmicutes,CP002403,697329,2,,,,1239,,,186801,,,,186802,,,,,541000,,,,1263,,,,1264,,,
Firmicutes,CP002442,550542,2,,,,1239,,,91061,,,,1385,,,,,186817,,,,129337,1,1,1,550542,1,1,1
Firmicutes,CP002512,866775,2,,,,1239,,,91061,,,,186826,,,,,186827,,,,1375,,,,1376,,,
Firmicutes,CP002547,645991,2,,,,1239,,,186801,,,,186802,,,,,186807,,,,51196,,,,51197,,,
Firmicutes,CP002627,999891,2,,,,1239,,,91061,,,,1385,,,,,186817,,,,1386,,653685,,1390,,,
Firmicutes,CP002634,1001582,2,,,,1239,,,91061,,,,1385,,,,,186817,,,,1386,,653685,,1390,,,
Firmicutes,CP002637,546271,2,,,,1239,,,909932,,,,909929,,,,,1843491,,,,970,,,,69823,,,
Firmicutes,CP002736,868595,2,,,,1239,,,186801,,,,186802,,,,,186807,,,,1562,,,,1565,,,
Firmicutes,CP002739,858215,2,,,,1239,,,186801,,,,68295,,,,,543371,,,,28895,,,,29329,,,
Firmicutes,CP002770,760568,2,,,,1239,,,186801,,,,186802,,,,,186807,,,,1562,,,,58135,,,
Firmicutes,CP002835,634956,2,,,,1239,,,91061,,,,1385,,,,,186817,,,,1906945,,,,1426,,,
Firmicutes,CP002898,979982,2,,,,1239,,,91061,,,,186826,,,,,81850,,,,1243,1,1,1,979982,1,1,1
Firmicutes,CP002987,931626,2,,,,1239,,,186801,,,,186802,,,,,186806,,,,33951,,,,33952,,,
Firmicutes,CP002991,697303,2,,,,1239,,,186801,,,,68295,,,,,186814,,,,1754,,,,46354,,,
Firmicutes,CP003001,632516,2,,,,1239,,,186801,,,,68295,,,,,543371,,,,44000,,,,52766,,,
Firmicutes,CP003017,1006007,2,,,,1239,,,91061,,,,1385,,,,,186817,,,,1386,,,,1404,,,
Firmicutes,CP003040,585394,2,,,,1239,,,186801,,,,186802,,,,,186803,,,,841,,,,301301,,,
Firmicutes,CP003056,345219,2,,,,1239,,,91061,,,,1385,,,,,186817,,,,1386,,,,1398,,,
Firmicutes,CP003101,1107880,2,,,,1239,,,91061,,,,186826,,,,,81850,,,,1243,,,,1245,33967,,
Firmicutes,CP003107,985665,2,,,,1239,,,91061,,,,1385,,,,,186822,,,,44249,,,,159743,,,
Firmicutes,CP003108,768706,2,,,,1239,,,186801,,,,186802,,,,,186807,,,,79206,,,,1563,,,
Firmicutes,CP003184,1094508,2,,,,1239,,,186801,,,,68295,,,,,543371,,,,28895,,,,28896,,,
Firmicutes,CP003235,1116391,2,,,,1239,,,91061,,,,1385,,,,,186822,,,,44249,,,,61624,,,
Firmicutes,CP003273,767817,2,,,,1239,,,186801,,,,186802,,,,,186807,,,,1562,,,,102134,,,
Firmicutes,CP003329,1147161,2,,,,1239,,,91061,,,,1385,,,,,186817,,,,1386,,653685,,1423,135461,,
Firmicutes,CP003422,997761,2,,,,1239,,,91061,,,,1385,,,,,186822,,,,44249,,,,61624,,,
Firmicutes,CP003492,1127744,2,,,,1239,,,91061,,,,1385,,,,,186817,,,,1386,,,,1127744,,,
Firmicutes,CP003629,768704,2,,,,1239,,,186801,,,,186802,,,,,186807,,,,79206,,,,79209,,,
Firmicutes,CP003668,1194526,2,,,,1239,,,91061,,,,1385,,,,,90964,,,,1279,,,,1292,,,
Firmicutes,CP003732,1089553,2,,,,1239,,,186801,,,,68295,,,,,186814,,,,140458,,,,85874,,,
Firmicutes,CP003838,1225788,2,,,,1239,,,91061,,,,1385,,,,,186817,,,,1386,,653685,,492670,,,
Firmicutes,CP003839,1229756,2,,,,1239,,,91061,,,,186826,,,,,81850,,,,1243,,,,1244,,,
Firmicutes,CP003851,1229758,2,,,,1239,,,91061,,,,186826,,,,,81850,,,,1243,,,,1252,,,
Firmicutes,CP004405,1302650,2,,,,1239,,,91061,,,,1385,,,,,186817,,,,1386,,653685,,1423,135461,,
Firmicutes,CP005586,666686,2,,,,1239,,,91061,,,,1385,,,,,186817,,,,1386,1,1,1,666686,1,1,1
Firmicutes,FN597644,692420,2,,,,1239,,,91061,,,,1385,,,,,186817,,,,1386,,653685,,1390,,,
Firmicutes,FN665652,699036,2,,,,1239,,,186801,,,,186802,,,,,186804,,,,1870884,,,,1496,,,
Firmicutes,FP929039,751585,2,,,,1239,,,186801,,,,186802,,,,,186803,,,,33042,1,1,1,751585,1,1,1
Firmicutes,FP929042,657318,2,,,,1239,,,186801,,,,186802,,,,,186803,,,,,,,,39491,,,
Firmicutes,FP929043,657317,2,,,,1239,,,186801,,,,186802,,,,,186803,,,,,,,,39491,,,
Firmicutes,FP929050,718255,2,,,,1239,,,186801,,,,186802,,,,,186803,,,,841,,,,166486,,,
Firmicutes,FP929051,657321,2,,,,1239,,,186801,,,,186802,,,,,541000,,,,1263,,,,40518,,,
Firmicutes,FP929055,657313,2,,,,1239,,,186801,,,,186802,,,,,186803,,,,572511,,,,33039,,,
Firmicutes,FP929059,717961,2,,,,1239,,,186801,,,,186802,,,,,541000,,,,1508657,,,,39492,,,
Firmicutes,FP929060,245012,2,,,,1239,,,186801,,,,186802,1,1,1,1,1,1,1,1,1,1,1,1,245012,1,1,1
Firmicutes,FP929061,649756,2,,,,1239,,,186801,,,,186802,,,,,186803,,,,207244,,,,649756,,,
Firmicutes,HE577054,1052684,2,,,,1239,,,91061,,,,1385,,,,,186822,,,,44249,,,,1406,,,
Firmicutes,HE617159,1114958,2,,,,1239,,,91061,,,,1385,,,,,186817,,,,1386,,653685,,492670,,,
Firmicutes,HE970764,1215914,2,,,,1239,,,91061,,,,186826,,,,,33958,,,,1578,,655183,,1582,,,
Gemmatimonadetes,AP009153,379066,2,,,,142182,,,219685,,,,219686,,,,,219687,,,,173479,,,,173480,,,
Nitrospirae,AP012342,1162668,2,,,,40117,,,203693,,,,189778,,,,,189779,,,,179,,655606,,180,,,
Nitrospirae,CP001147,289376,2,,,,40117,,,203693,,,,189778,,,,,189779,,,,28261,,,,28262,,,
Nitrospirae,CP002919,1048260,2,,,,40117,,,203693,,,,189778,,,,,189779,,,,179,,261386,,178606,,,
Nitrospirae,FP929003,330214,2,,,,40117,,,203693,,,,189778,,,,,189779,,,,1234,,,,330214,,,
Pathogens,AE014291.4,204722,2,,,,1224,,,28211,,,,356,,,,,118882,,,,234,,,,29461,,,
Pathogens,AE016795.3,216895,2,,,,1224,,,1236,,,,135623,,,,,641,,,,662,,,,672,,,
Pathogens,AE017042,229193,2,,,,1224,,,1236,,,,91347,,,,,1903411,,,,629,,1649845,,632,1234659,,
Pathogens,AE017197,257363,2,,,,1224,,,28211,,,,766,,,,,775,,33988,,780,,114292,,785,,,
Pathogens,AE017220,119912,2,,,,1224,,,1236,,,,91347,,,,,543,,,,590,,,,28901,59201,,
Pathogens,AM421808,272831,2,,,,1224,,,28216,,,,206351,,,,,481,,,,482,,,,487,,,
Pathogens,AP009048,316407,2,,,,1224,,,1236,,,,91347,,,,,543,,,,561,,,,562,,,
Pathogens,AP011533,652620,2,,,,1224,,,28211,,,,766,,,,,775,,33988,,780,,114277,,35790,,,
Pathogens,AP011943,102608,2,,,,1224,68525,,29547,,,,213849,,,,,72293,,,,209,,,,210,,,
Pathogens,AP012306,1110693,2,,,,1224,,,1236,,,,91347,,,,,543,,,,561,,,,562,,,
Pathogens,AP012601,1248726,2,,,,1224,68525,,29547,,,,213849,,,,,72293,,,,209,,,,210,,,
Pathogens,BK006741,393011,2,,,,1224,,,1236,,,,72273,,,,,34064,,,,262,,,,263,119857,,
Pathogens,BX571966,272560,2,,,,1224,,,28216,,,,80840,,,,,119060,,,,32008,,111527,,28450,,,
Pathogens,CM000833,320371,2,,,,1224,,,28216,,,,80840,,,,,119060,,,,32008,,111527,,28450,,,
Pathogens,CM000855,683083,2,,,,1224,68525,,29547,,,,213849,,,,,72294,,,,194,,,,197,32022,,
Pathogens,CP000010,243160,2,,,,1224,,,28216,,,,80840,,,,,119060,,,,32008,,111527,,13373,,,
Pathogens,CP000125,320372,2,,,,1224,,,28216,,,,80840,,,,,119060,,,,32008,,111527,,28450,,,
Pathogens,CP000308,360102,2,,,,1224,,,1236,,,,91347,,,,,1903411,,,,629,,1649845,,632,,,
Pathogens,CP000378,331271,2,,,,1224,,,28216,,,,80840,,,,,119060,,,,32008,,87882,,95486,,,
Pathogens,CP000379,331271,2,,,,1224,,,28216,,,,80840,,,,,119060,,,,32008,,87882,,95486,,,
Pathogens,CP000380,331271,2,,,,1224,,,28216,,,,80840,,,,,119060,,,,32008,,87882,,95486,,,
Pathogens,CP000409,293613,2,,,,1224,,,28211,,,,766,,,,,775,,33988,,780,,1129742,,788,,,
Pathogens,CP000437,393011,2,,,,1224,,,1236,,,,72273,,,,,34064,,,,262,,,,263,119857,,
Pathogens,CP000458,331272,2,,,,1224,,,28216,,,,80840,,,,,119060,,,,32008,,87882,,95486,,,
Pathogens,CP000459,331272,2,,,,1224,,,28216,,,,80840,,,,,119060,,,,32008,,87882,,95486,,,
Pathogens,CP000526,320388,2,,,,1224,,,28216,,,,80840,,,,,119060,,,,32008,,111527,,13373,,,
Pathogens,CP000671,31479,2759,,,,,,,2806,,,,31477,,,,,31478,,,,31479,,,,,,,
Pathogens,CP000672,32437,2759,33208,,,7711,7712,,7713,,,,7720,,,,,7727,,,,,,,,,,,
Pathogens,CP000675,400673,2,,,,1224,,,1236,,,,118969,,,,,444,,,,445,,,,446,,,
Pathogens,CP000803,458234,2,,,,1224,,,1236,,,,72273,,,,,34064,,,,262,,,,263,119857,,
Pathogens,CP000814,407148,2,,,,1224,68525,,29547,,,,213849,,,,,72294,,,,194,,,,197,32022,,
Pathogens,CP000857,476213,2,,,,1224,,,1236,,,,91347,,,,,543,,,,590,,,,28901,59201,,
Pathogens,CP000863,405416,2,,,,1224,,,1236,,,,72274,,,,,468,,,,469,,909768,,470,,,
Pathogens,CP000873,483179,2,,,,1224,,,28211,,,,356,,,,,118882,,,,234,,,,36855,,,
Pathogens,CP000886,1016998,2,,,,1224,,,1236,,,,91347,,,,,543,,,,590,,,,28901,59201,,
Pathogens,CP000887,430066,2,,,,1224,,,28211,,,,356,,,,,118882,,,,234,,,,235,,,
Pathogens,CP000911,470137,2,,,,1224,,,28211,,,,356,,,,,118882,,,,234,,,,29461,,,
Pathogens,CP000912,470137,2,,,,1224,,,28211,,,,356,,,,,118882,,,,234,,,,29461,,,
Pathogens,CP000937,484022,2,,,,1224,,,1236,,,,72273,,,,,34064,,,,262,,,,28110,,,
Pathogens,CP000959,406425,2,,,,1224,,,28216,,,,80840,,,,,119060,,,,32008,,87882,,95486,,,
Pathogens,CP001072,512562,2,,,,1224,68525,,29547,,,,213849,,,,,72293,,,,209,,,,210,,,
Pathogens,CP001144,439851,2,,,,1224,,,1236,,,,91347,,,,,543,,,,590,,,,28901,59201,,
Pathogens,CP001164,444450,2,,,,1224,,,1236,,,,91347,,,,,543,,,,561,,,,562,,,
Pathogens,CP001172,557600,2,,,,1224,,,1236,,,,72274,,,,,468,,,,469,,909768,,470,,,
Pathogens,CP001235,345073,2,,,,1224,,,1236,,,,135623,,,,,641,,,,662,,,,666,,,
Pathogens,CP001561,630588,2,,,,1224,,,28216,,,,206351,,,,,481,,,,482,,,,487,,,
Pathogens,CP001589,637385,2,,,,1224,,,1236,,,,91347,,,,,1903411,,,,629,,1649845,,632,,,
Pathogens,CP001593,637386,2,,,,1224,,,1236,,,,91347,,,,,1903411,,,,629,,1649845,,632,,,
Pathogens,CP001612,347255,2,,,,1224,,,28211,,,,766,,,,,775,,33988,,780,,114277,,35788,,,
Pathogens,CP001846,701177,2,,,,1224,,,1236,,,,91347,,,,,543,,,,561,,,,562,,,
Pathogens,CP001921,696749,2,,,,1224,,,1236,,,,72274,,,,,468,,,,469,,909768,,470,,,
Pathogens,CP002099,527001,2,,,,1224,,,1236,,,,91347,,,,,543,,,,590,,,,28901,59201,,
Pathogens,CP002184,869727,2,,,,1224,68525,,29547,,,,213849,,,,,72293,,,,209,,,,210,,,
Pathogens,CP002331,907238,2,,,,1224,68525,,29547,,,,213849,,,,,72293,,,,209,,,,210,,,
Pathogens,CP002419,935599,2,,,,1224,,,28216,,,,206351,,,,,481,,,,482,,,,487,,,
Pathogens,CP002440,940296,2,,,,1224,,,28216,,,,206351,,,,,481,,,,482,,,,485,,,
Pathogens,CP002496,941193,2,,,,1224,,,1236,,,,72274,,,,,135621,,,,286,,136841,,287,,,
Pathogens,CP002516,595495,2,,,,1224,,,1236,,,,91347,,,,,543,,,,561,,,,562,,,
Pathogens,CP002555,935297,2,,,,1224,,,1236,,,,135623,,,,,641,,,,662,,,,666,,,
Pathogens,CP002558,676032,2,,,,1224,,,1236,,,,72273,,,,,34064,,,,262,,,,263,264,,
Pathogens,CP002571,985081,2,,,,1224,68525,,29547,,,,213849,,,,,72293,,,,209,,,,210,,,
Pathogens,CP002614,990282,2,,,,1224,,,1236,,,,91347,,,,,543,,,,590,,,,28901,59201,,
Pathogens,CP002729,696406,2,,,,1224,,,1236,,,,91347,,,,,543,,,,561,,,,562,,,
Pathogens,CP002872,3723,2759,33090,,,35493,,,,71275,,,3699,,,,,3700,,947475,,3723,,,,,,,
Pathogens,CP002912,1032845,2,,,,1224,,,28211,,,,766,,,,,775,,33988,,780,,114277,,226665,,,
Pathogens,CP002953,1055527,2,,,,1224,68525,,29547,,,,213849,,,,,72293,,,,209,,,,210,,,
Pathogens,CP002956,1035377,2,,,,1224,,,1236,,,,91347,,,,,1903411,,,,629,,1649845,,632,,,
Pathogens,CP002970,595495,2,,,,1224,,,1236,,,,91347,,,,,543,,,,561,,,,562,,,
Pathogens,CP002983,1055530,2,,,,1224,68525,,29547,,,,213849,,,,,72293,,,,209,,,,210,,,
Pathogens,CP003034,1072459,2,,,,1224,,,1236,,,,91347,,,,,543,,,,561,,,,562,,,
Pathogens,CP003048,1001542,2,,,,1224,,,1236,,,,72273,,,,,34064,,,,262,,,,263,119856,,
Pathogens,CP003069,914149,2,,,,1224,,,1236,,,,135623,,,,,641,,,,662,,,,666,,,
Pathogens,CP003149,1093787,2,,,,1224,,,1236,,,,72274,,,,,135621,,,,286,,136841,,287,,,
Pathogens,CP003176,1104320,2,,,,1224,,,28211,,,,356,,,,,118882,,,,234,,,,235,,,
Pathogens,CP003177,1104320,2,,,,1224,,,28211,,,,356,,,,,118882,,,,234,,,,235,,,
Pathogens,CP003289,1133852,2,,,,1224,,,1236,,,,91347,,,,,543,,,,561,,,,562,,,
Pathogens,CP003301,1133853,2,,,,1224,,,1236,,,,91347,,,,,543,,,,561,,,,562,,,
Pathogens,CP003304,1105107,2,,,,1224,,,28211,,,,766,,,,,775,,33988,,780,,1129742,,788,,,
Pathogens,CP003305,1105104,2,,,,1224,,,28211,,,,766,,,,,775,,33988,,780,,114277,,783,,,
Pathogens,CP003306,1105102,2,,,,1224,,,28211,,,,766,,,,,775,,33988,,780,,114277,,783,,,
Pathogens,CP003308,481009,2,,,,1224,,,28211,,,,766,,,,,775,,33988,,780,,114277,,1105106,,,
Pathogens,CP003338,1105110,2,,,,1224,,,28211,,,,766,,,,,775,,33988,,780,,114277,,787,,,
Pathogens,CP003386,1008297,2,,,,1224,,,1236,,,,91347,,,,,543,,,,590,,,,28901,59201,,
Pathogens,CP003392,1105095,2,,,,1224,,,28211,,,,766,,,,,775,,33988,,780,,114292,,782,,,
Pathogens,CP003393,1105096,2,,,,1224,,,28211,,,,766,,,,,775,,33988,,780,,114292,,782,,,
Pathogens,CP003419,1127122,2,,,,1224,68525,,29547,,,,213849,,,,,72293,,,,209,,,,210,,,
Pathogens,CP003856,1100841,2,,,,1224,,,1236,,,,72274,,,,,468,,,,469,,909768,,470,,,
Pathogens,CP003862,351581,2,,,,1224,,,1236,,,,72273,,,,,34064,,,,262,,,,263,119857,,
Pathogens,CP003885,1312904,2,,,,1224,,,1236,,,,118969,,,,,444,,,,445,,,,446,91891,,
Pathogens,CP004009,1274814,2,,,,1224,,,1236,,,,91347,,,,,543,,,,561,,,,562,,,
Pathogens,CP004889,1290428,2,,,,1224,,,28211,,,,766,,,,,775,,33988,,780,,114292,,782,,,
Pathogens,CR767821,254945,2,,,,1224,,,28211,,,,766,,,,,942,,,,943,,106178,,779,,,
Pathogens,CR925678,254945,2,,,,1224,,,28211,,,,766,,,,,942,,,,943,,106178,,779,,,
Pathogens,CU459141,509173,2,,,,1224,,,1236,,,,72274,,,,,468,,,,469,,909768,,470,,,
Pathogens,FM200053,554290,2,,,,1224,,,1236,,,,91347,,,,,543,,,,590,,,,28901,59201,,
Pathogens,FM954972,575788,2,,,,1224,,,1236,,,,135623,,,,,641,,,,662,,,,212663,,,
Pathogens,FM999788,604162,2,,,,1224,,,28216,,,,206351,,,,,481,,,,482,,,,487,,,
Pathogens,FN649414,316401,2,,,,1224,,,1236,,,,91347,,,,,543,,,,561,,,,562,,,
Pathogens,FQ670178,866630,2,,,,1224,,,1236,,,,135625,,,,,712,,,,724,,,,727,,,
Planctomycetes,AP012338,1142394,2,,,,203682,,,666505,,,,666506,,,,,666507,,,,666508,,,,547188,,,
Planctomycetes,BX119912,243090,2,,,,203682,,,203683,,,,112,,,,,126,,,,265488,,,,265606,,,
Planctomycetes,CP001744,521674,2,,,,203682,,,203683,,,,112,,,,,126,,,,1649480,,,,120,,,
Planctomycetes,CP001848,530564,2,,,,203682,,,203683,,,,112,,,,,126,,,,123,,,,125,,,
Planctomycetes,CP002353,575540,2,,,,203682,,,203683,,,,112,,,,,1763524,,,,127,,,,128,,,
Planctomycetes,CP002546,756272,2,,,,203682,,,203683,,,,112,,,,,126,,,,1649490,,,,119,,,
Planctomycetes,CP003364,886293,2,,,,203682,,,203683,,,,112,,,,,1763524,,,,466152,,,,466153,,,
Proteobacteria,AE003849,160492,2,,,,1224,,,1236,,,,135614,,,,,32033,,,,2370,,,,2371,,,
Proteobacteria,AE004439,272843,2,,,,1224,,,1236,,,,135625,,,,,712,,,,745,,,,747,44283,,
Proteobacteria,AE005673,190650,2,,,,1224,,,28211,,,,204458,,,,,76892,,,,75,,,,155892,,,
Proteobacteria,AE007870,176299,2,,,,1224,,,28211,,,,356,,,,,82115,,,,357,,1183400,,1176649,,,
Proteobacteria,AE008692,264203,2,,,,1224,,,28211,,,,204457,,,,,41297,,,,541,,,,542,120045,,
Proteobacteria,AE009442,183190,2,,,,1224,,,1236,,,,135614,,,,,32033,,,,2370,,,,2371,,,
Proteobacteria,AE014299,211586,2,,,,1224,,,1236,,,,135622,,,,,267890,,,,22,,,,70863,,,
Proteobacteria,AE017143,20340,2759,33090,,,35493,,,,71275,,,72025,,,,,3803,,,,20339,,,,20340,,,
Proteobacteria,AE017180,243231,2,,,,1224,68525,,28221,,,,69541,,,,,213422,,,,28231,,,,35554,,,
Proteobacteria,AE017196,163164,2,,,,1224,,,28211,,,,766,,,,,942,,952,,953,,,,163164,,,
Proteobacteria,AE017282,243233,2,,,,1224,,,1236,,,,135618,,,,,403,,,,413,,,,414,,,
Proteobacteria,AE017321,292805,2,,,,1224,,,28211,,,,766,,,,,942,,952,,953,,,,80849,,,
Proteobacteria,AL591688,266834,2,,,,1224,,,28211,,,,356,,,,,82115,,,,28105,,,,382,,,
Proteobacteria,AL954747,228410,2,,,,1224,,,28216,,,,32003,,,,,206379,,,,914,,,,915,,,
Proteobacteria,AM180252,363253,2,,,,1224,68525,,28221,,,,213115,,,,,194924,,,,41707,,,,29546,,,
Proteobacteria,AM743169,522373,2,,,,1224,,,1236,,,,135614,,,,,32033,,,,40323,,,,40324,,,
Proteobacteria,AM902716,94624,2,,,,1224,,,28216,,,,80840,,,,,506,,,,517,,,,94624,,,
Proteobacteria,AM942759,529507,2,,,,1224,,,1236,,,,91347,,,,,1903414,,,,583,,,,584,,,
Proteobacteria,AM999887,570417,2,,,,1224,,,28211,,,,766,,,,,942,,952,,953,,,,263437,,,
Proteobacteria,AP006725,484021,2,,,,1224,,,1236,,,,91347,,,,,543,,,,570,,,,573,72407,,
Proteobacteria,AP008232,343509,2,,,,1224,,,1236,,,,91347,,,,,1903410,,,,84565,,,,63612,,,
Proteobacteria,AP008981,334380,2,,,,1224,,,28211,,,,766,,,,,775,,33988,,69474,,,,784,,,
Proteobacteria,AP009384,438753,2,,,,1224,,,28211,,,,356,,,,,335928,,,,6,,,,7,,,
Proteobacteria,AP010946,137722,2,,,,1224,,,28211,,,,204441,,,,,41295,,,,191,,,,193,,,
Proteobacteria,AP011135,634454,2,,,,1224,,,28211,,,,204441,,,,,433,,,,434,,,,438,481145,,
Proteobacteria,AP011142,634455,2,,,,1224,,,28211,,,,204441,,,,,433,,,,434,,,,438,481145,,
Proteobacteria,AP011149,634456,2,,,,1224,,,28211,,,,204441,,,,,433,,,,434,,,,438,481145,,
Proteobacteria,AP011156,634457,2,,,,1224,,,28211,,,,204441,,,,,433,,,,434,,,,438,481145,,
Proteobacteria,AP011163,634458,2,,,,1224,,,28211,,,,204441,,,,,433,,,,434,,,,438,481145,,
Proteobacteria,AP012032,932677,2,,,,1224,,,1236,,,,91347,,,,,1903409,,,,53335,,,,553,,,
Proteobacteria,AP012047,944546,2,,,,1224,68525,,29547,,,,213849,,,,,72294,,,,28196,,,,28197,,,
Proteobacteria,AP012159,634177,2,,,,1224,,,28211,,,,204441,,,,,433,,,,1434011,,,,1177712,,,
Proteobacteria,AP012222,627192,2,,,,1224,,,28211,,,,204457,,,,,41297,,,,165695,1,1,1,627192,1,1,1
Proteobacteria,AP012224,748280,2,,,,1224,,,28216,,,,206351,,,,,1499392,,,,568394,1,1,1,748280,1,1,1
Proteobacteria,AP012320,983917,2,,,,1224,,,28216,,,,80840,,,,,,,,,28067,,,,28068,,,
Proteobacteria,AP012603,1245469,2,,,,1224,,,28211,,,,356,,,,,41294,,,,374,,,,44255,,,
Proteobacteria,BX470248,257313,2,,,,1224,,,28216,,,,80840,,,,,506,,,,517,,,,520,,,
Proteobacteria,BX470250,257310,2,,,,1224,,,28216,,,,80840,,,,,506,,,,517,,,,518,,,
Proteobacteria,BX571963,258594,2,,,,1224,,,28211,,,,356,,,,,41294,,,,1073,,,,1076,,,
Proteobacteria,BX842601,264462,2,,,,1224,68525,,28221,,,,213481,,,,,213483,,,,958,,,,959,,,
Proteobacteria,BX897699,283166,2,,,,1224,,,28211,,,,356,,,,,772,,,,773,,,,38323,,,
Proteobacteria,BX897700,283165,2,,,,1224,,,28211,,,,356,,,,,772,,,,773,,,,803,,,
Proteobacteria,BX936398,273123,2,,,,1224,,,1236,,,,91347,,,,,1903411,,,,629,,1649845,,633,,,
Proteobacteria,BX950851,218491,2,,,,1224,,,1236,,,,91347,,,,,1903410,,,,122277,,,,29471,,,
Proteobacteria,CP000009,290633,2,,,,1224,,,28211,,,,204441,,,,,433,,,,441,,,,442,,,
Proteobacteria,CP000030,234826,2,,,,1224,,,28211,,,,766,,,,,942,,,,768,,,,770,,,
Proteobacteria,CP000031,246200,2,,,,1224,,,28211,,,,204455,,,,,31989,,,,97050,,,,89184,,,
Proteobacteria,CP000034,300267,2,,,,1224,,,1236,,,,91347,,,,,543,,,,620,,,,622,,,
Proteobacteria,CP000083,167879,2,,,,1224,,,1236,,,,135622,,,,,267889,,,,28228,,,,28229,,,
Proteobacteria,CP000084,335992,2,,,,1224,,,28211,,,,54526,,,,,1655514,,,,198251,,,,198252,,,
Proteobacteria,CP000086,271848,2,,,,1224,,,28216,,,,80840,,,,,119060,,,,32008,,111527,,57975,,,
Proteobacteria,CP000103,323848,2,,,,1224,,,28216,,,,32003,,,,,206379,,,,35798,,,,1231,,,
Proteobacteria,CP000115,323098,2,,,,1224,,,28211,,,,356,,,,,41294,,,,911,,,,913,,,
Proteobacteria,CP000127,323261,2,,,,1224,,,1236,,,,135613,,,,,1046,,,,1227,,,,1229,,,
Proteobacteria,CP000142,338963,2,,,,1224,68525,,28221,,,,69541,,,,,213421,,,,18,,,,19,,,
Proteobacteria,CP000143,272943,2,,,,1224,,,28211,,,,204455,,,,,31989,,,,1060,,,,1063,,,
Proteobacteria,CP000148,269799,2,,,,1224,68525,,28221,,,,69541,,,,,213422,,,,28231,,,,28232,,,
Proteobacteria,CP000153,326298,2,,,,1224,68525,,29547,,,,213849,,,,,72293,,,,202746,,,,39766,,,
Proteobacteria,CP000155,349521,2,,,,1224,,,1236,,,,135619,,,,,224379,,,,158481,,,,158327,,,
Proteobacteria,CP000158,228405,2,,,,1224,,,28211,,,,204455,,,,,69657,,,,85,,,,81032,,,
Proteobacteria,CP000235,212042,2,,,,1224,,,28211,,,,766,,,,,942,,,,768,,106179,,948,,,
Proteobacteria,CP000245,365046,2,,,,1224,,,28216,,,,80840,,,,,80864,,,,174951,,,,94132,,,
Proteobacteria,CP000250,316058,2,,,,1224,,,28211,,,,356,,,,,41294,,,,1073,,,,1076,,,
Proteobacteria,CP000266,373384,2,,,,1224,,,1236,,,,91347,,,,,543,,,,620,,,,623,,,
Proteobacteria,CP000267,338969,2,,,,1224,,,28216,,,,80840,,,,,80864,,,,28065,,,,192843,,,
Proteobacteria,CP000269,375286,2,,,,1224,,,28216,,,,80840,,,,,75682,,,,29580,,,,375286,,,
Proteobacteria,CP000282,203122,2,,,,1224,,,1236,,,,1706369,,,,,1706371,,,,316625,,,,86304,,,
Proteobacteria,CP000283,316057,2,,,,1224,,,28211,,,,356,,,,,41294,,,,1073,,,,1076,,,
Proteobacteria,CP000316,296591,2,,,,1224,,,28216,,,,80840,,,,,80864,,,,52972,1,1,1,296591,1,1,1
Proteobacteria,CP000323,335284,2,,,,1224,,,1236,,,,72274,,,,,468,,,,497,,,,330922,,,
Proteobacteria,CP000362,375451,2,,,,1224,,,28211,,,,204455,,,,,31989,,,,2433,,,,2434,,,
Proteobacteria,CP000377,292414,2,,,,1224,,,28211,,,,204455,,,,,31989,,,,97050,1,1,1,292414,1,1,1
Proteobacteria,CP000388,342610,2,,,,1224,,,1236,,,,135622,,,,,267888,,,,53246,,,,288,,,
Proteobacteria,CP000390,266779,2,,,,1224,,,28211,,,,356,,,,,69277,,,,449972,1,1,1,266779,1,1,1
Proteobacteria,CP000394,391165,2,,,,1224,,,28211,,,,204441,,,,,433,,,,364409,,,,364410,,,
Proteobacteria,CP000450,335283,2,,,,1224,,,28216,,,,32003,,,,,206379,,,,914,,,,916,,,
Proteobacteria,CP000471,156889,2,,,,1224,,,28211,,,,1191478,,,,,1191479,,,,162171,,,,1124597,,,
Proteobacteria,CP000478,335543,2,,,,1224,68525,,28221,,,,213462,,,,,213465,,,,29526,,,,119484,,,
Proteobacteria,CP000482,338966,2,,,,1224,68525,,28221,,,,69541,,,,,213421,,,,18,,,,29543,,,
Proteobacteria,CP000487,360106,2,,,,1224,68525,,29547,,,,213849,,,,,72294,,,,194,,,,196,32019,,
Proteobacteria,CP000490,318586,2,,,,1224,,,28211,,,,204455,,,,,31989,,,,265,,,,266,,,
Proteobacteria,CP000510,357804,2,,,,1224,,,1236,,,,135622,,,,,267894,,,,67572,,,,357794,,,
Proteobacteria,CP000512,397945,2,,,,1224,,,28216,,,,80840,,,,,80864,,,,12916,,,,80869,,,
Proteobacteria,CP000513,246195,2,,,,1224,,,1236,,,,135615,,,,,868,,,,869,,,,870,,,
Proteobacteria,CP000514,351348,2,,,,1224,,,1236,,,,135622,,,,,72275,,,,2742,,,,2743,,,
Proteobacteria,CP000524,360095,2,,,,1224,,,28211,,,,356,,,,,772,,,,773,,,,774,,,
Proteobacteria,CP000529,365044,2,,,,1224,,,28216,,,,80840,,,,,80864,,,,52972,,,,216465,,,
Proteobacteria,CP000539,232721,2,,,,1224,,,28216,,,,80840,,,,,80864,,,,12916,1,1,1,232721,1,1,1
Proteobacteria,CP000542,391735,2,,,,1224,,,28216,,,,80840,,,,,80864,,,,364316,,,,364317,,,
Proteobacteria,CP000544,349124,2,,,,1224,,,1236,,,,135613,,,,,72276,,,,85108,,,,1053,,,
Proteobacteria,CP000555,420662,2,,,,1224,,,28216,,,,80840,,,,,,,,,316612,,,,105560,,,
Proteobacteria,CP000578,349101,2,,,,1224,,,28211,,,,204455,,,,,31989,,,,1060,,,,1063,,,
Proteobacteria,CP000613,414684,2,,,,1224,,,28211,,,,204441,,,,,41295,,,,1081,,,,34018,,,
Proteobacteria,CP000629,311403,2,,,,1224,,,28211,,,,356,,,,,82115,,,,357,,1183400,,358,,,
Proteobacteria,CP000633,311402,2,,,,1224,,,28211,,,,356,,,,,82115,,,,357,,,,373,,,
Proteobacteria,CP000644,382245,2,,,,1224,,,1236,,,,135624,,,,,84642,,,,642,,,,645,29491,,
Proteobacteria,CP000653,399742,2,,,,1224,,,1236,,,,91347,,,,,543,,,,547,1,1,1,399742,1,1,1
Proteobacteria,CP000655,312153,2,,,,1224,,,28216,,,,80840,,,,,119060,,,,44013,,,,576611,,,
Proteobacteria,CP000698,351605,2,,,,1224,68525,,28221,,,,69541,,,,,213422,,,,28231,,,,351604,,,
Proteobacteria,CP000699,392499,2,,,,1224,,,28211,,,,204457,,,,,41297,,,,13687,,,,160791,,,
Proteobacteria,CP000749,400668,2,,,,1224,,,1236,,,,135619,,,,,135620,,,,28253,1,1,1,400668,1,1,1
Proteobacteria,CP000758,439375,2,,,,1224,,,28211,,,,356,,,,,118882,,,,528,,,,529,,,
Proteobacteria,CP000759,439375,2,,,,1224,,,28211,,,,356,,,,,118882,,,,528,,,,529,,,
Proteobacteria,CP000774,402881,2,,,,1224,,,28211,,,,356,,,,,119043,,,,256616,,,,256618,,,
Proteobacteria,CP000776,360107,2,,,,1224,68525,,29547,,,,213849,,,,,72294,,,,194,,,,76517,,,
Proteobacteria,CP000783,290339,2,,,,1224,,,1236,,,,91347,,,,,543,,,,413496,,,,28141,,,
Proteobacteria,CP000792,360104,2,,,,1224,68525,,29547,,,,213849,,,,,72294,,,,194,,,,199,,,
Proteobacteria,CP000826,399741,2,,,,1224,,,1236,,,,91347,,,,,1903411,,,,613,,,,28151,,,
Proteobacteria,CP000859,96561,2,,,,1224,68525,,28221,,,,213118,,,,,213119,,,,896,,,,181663,,,
Proteobacteria,CP000890,360115,2,,,,1224,,,1236,,,,118969,,,,,118968,,,,776,,,,777,,,
Proteobacteria,CP000932,306263,2,,,,1224,68525,,29547,,,,213849,,,,,72294,,,,194,,,,201,,,
Proteobacteria,CP000934,498211,2,,,,1224,,,1236,,,,1706369,,,,,1706371,,,,10,,,,155077,,,
Proteobacteria,CP000941,405440,2,,,,1224,,,1236,,,,135614,,,,,32033,,,,2370,,,,2371,,,
Proteobacteria,CP000943,426117,2,,,,1224,,,28211,,,,356,,,,,119045,,,,407,1,1,1,426117,1,1,1
Proteobacteria,CP000946,8739,2759,33208,,,7711,89593,,,,,8504,8509,,8570,,34989,8689,8710,,,8728,,,,8739,,,
Proteobacteria,CP000950,502800,2,,,,1224,,,1236,,,,91347,,,,,1903411,,,,629,,1649845,,633,,,
Proteobacteria,CP001001,426355,2,,,,1224,,,28211,,,,356,,,,,119045,,,,407,,,,31998,,,
Proteobacteria,CP001010,452638,2,,,,1224,,,28216,,,,80840,,,,,119060,,,,44013,,,,576610,44014,,
Proteobacteria,CP001013,395495,2,,,,1224,,,28216,,,,80840,,,,,,,,,88,,,,34029,,,
Proteobacteria,CP001016,395963,2,,,,1224,,,28211,,,,356,,,,,45404,,,,532,,,,533,31994,,
Proteobacteria,CP001025,398577,2,,,,1224,,,28216,,,,80840,,,,,119060,,,,32008,,87882,,152480,,,
Proteobacteria,CP001029,441620,2,,,,1224,,,28211,,,,356,,,,,119045,,,,407,,,,223967,,,
Proteobacteria,CP001048,502801,2,,,,1224,,,1236,,,,91347,,,,,1903411,,,,629,,1649845,,633,,,
Proteobacteria,CP001079,320483,2,,,,1224,,,28211,,,,766,,,,,942,,,,768,,,,770,,,
Proteobacteria,CP001087,177437,2,,,,1224,68525,,28221,,,,213118,,,,,213119,,,,2295,,,,2296,,,
Proteobacteria,CP001096,395960,2,,,,1224,,,28211,,,,356,,,,,41294,,,,1073,,,,1076,,,
Proteobacteria,CP001132,380394,2,,,,1224,,,1807140,,,,225057,,,,,225058,,,,119977,,,,920,,,
Proteobacteria,CP001135,498217,2,,,,1224,,,1236,,,,91347,,,,,1903412,,,,635,,,,636,,,
Proteobacteria,CP001150,557760,2,,,,1224,,,28211,,,,204455,,,,,31989,,,,1060,,,,1063,,,
Proteobacteria,CP001151,557760,2,,,,1224,,,28211,,,,204455,,,,,31989,,,,1060,,,,1063,,,
Proteobacteria,CP001154,557598,2,,,,1224,,,28216,,,,206351,,,,,1499392,,,,168470,,,,168471,,,
Proteobacteria,CP001189,272568,2,,,,1224,,,28211,,,,204441,,,,,433,,,,89583,,,,33996,,,
Proteobacteria,CP001220,688245,2,,,,1224,,,28216,,,,80840,,,,,80864,,,,283,,,,285,,,
Proteobacteria,CP001279,598659,2,,,,1224,68525,,29547,,,,235899,,,,,224467,,,,191291,,,,244787,,,
Proteobacteria,CP001298,440085,2,,,,1224,,,28211,,,,356,,,,,119045,,,,407,,578822,,408,,,
Proteobacteria,CP001321,557723,2,,,,1224,,,1236,,,,135625,,,,,712,,,,724,,,,738,,,
Proteobacteria,CP001322,439235,2,,,,1224,68525,,28221,,,,213118,,,,,213119,,,,218207,,,,259354,,,
Proteobacteria,CP001340,565050,2,,,,1224,,,28211,,,,204458,,,,,76892,,,,75,,,,155892,,,
Proteobacteria,CP001359,455488,2,,,,1224,68525,,28221,,,,29,80811,,,,1524215,,,,161492,,,,161493,,,
Proteobacteria,CP001383,591020,2,,,,1224,,,1236,,,,91347,,,,,543,,,,620,,,,623,,,
Proteobacteria,CP001511,272630,2,,,,1224,,,28211,,,,356,,,,,119045,,,,407,,578822,,408,,,
Proteobacteria,CP001560,630626,2,,,,1224,,,1236,,,,91347,,,,,543,,,,1335483,,,,563,,,
Proteobacteria,CP001600,634503,2,,,,1224,,,1236,,,,91347,,,,,1903412,,,,635,,,,67780,,,
Proteobacteria,CP001607,634176,2,,,,1224,,,1236,,,,135625,,,,,712,,,,416916,,,,732,,,
Proteobacteria,CP001629,525897,2,,,,1224,68525,,28221,,,,213115,,,,,213116,,,,898,,,,899,,,
Proteobacteria,CP001635,543728,2,,,,1224,,,28216,,,,80840,,,,,80864,,,,34072,,,,34073,,,
Proteobacteria,CP001636,543728,2,,,,1224,,,28216,,,,80840,,,,,80864,,,,34072,,,,34073,,,
Proteobacteria,CP001654,579405,2,,,,1224,,,1236,,,,91347,,,,,1903410,,,,204037,,,,69223,,,
Proteobacteria,CP001657,561230,2,,,,1224,,,1236,,,,91347,,,,,1903410,,,,122277,,,,554,555,,
Proteobacteria,CP001672,583345,2,,,,1224,,,28216,,,,206350,,,,,32011,,,,359407,,,,359408,,,
Proteobacteria,CP001674,582744,2,,,,1224,,,28216,,,,206350,,,,,32011,,,,81682,,,,266009,,,
Proteobacteria,CP001677.5,537021,2,,,,1224,,,28211,,,,356,,,,,82115,,,,34019,,,,34021,,,
Proteobacteria,CP001715,522306,2,,,,1224,,,28216,,,,,,,,,,,,,327159,,,,327160,,,
Proteobacteria,CP001751,488538,2,,,,1224,,,28211,,,,,,,,,,,,,767891,,,,767892,,,
Proteobacteria,CP001796,234831,2,,,,1224,,,1236,,,,135622,,,,,267888,,,,53246,1,1,1,234831,1,1,1
Proteobacteria,CP001804,502025,2,,,,1224,68525,,28221,,,,29,224462,,,,224464,,,,162027,,,,80816,,,
Proteobacteria,CP001830,707241,2,,,,1224,,,28211,,,,356,,,,,82115,,,,28105,,,,382,,,
Proteobacteria,CP001836,590409,2,,,,1224,,,1236,,,,91347,,,,,1903410,,,,204037,,,,204042,,,
Proteobacteria,CP001875,706191,2,,,,1224,,,1236,,,,91347,,,,,1903409,,,,53335,,,,553,,,
Proteobacteria,CP001896,572477,2,,,,1224,,,1236,,,,135613,,,,,1046,,,,85072,,,,1049,,,
Proteobacteria,CP001905,396595,2,,,,1224,,,1236,,,,135613,,,,,72276,,,,106633,1,1,1,396595,1,1,1
Proteobacteria,CP001965,580332,2,,,,1224,,,28216,,,,713636,,,,,90627,,,,314343,,,,63745,,,
Proteobacteria,CP001999,572480,2,,,,1224,68525,,29547,,,,213849,,,,,72294,,,,28196,,,,28199,,,
Proteobacteria,CP002008,509190,2,,,,1224,,,28211,,,,204458,,,,,76892,,,,75,,,,88688,,,
Proteobacteria,CP002018,759362,2,,,,1224,,,28211,,,,204455,,,,,31989,,,,92944,,,,92945,,,
Proteobacteria,CP002026,639283,2,,,,1224,,,28211,,,,356,,,,,335928,,,,152053,,,,921,,,
Proteobacteria,CP002031,663917,2,,,,1224,68525,,28221,,,,69541,,,,,213422,,,,28231,,,,35554,,,
Proteobacteria,CP002038,198628,2,,,,1224,,,1236,,,,91347,,,,,1903410,,,,204037,,,,204038,,,
Proteobacteria,CP002039,757424,2,,,,1224,,,28216,,,,80840,,,,,75682,,,,963,,,,964,,,
Proteobacteria,CP002080,436717,2,,,,1224,,,1236,,,,72274,,,,,468,,,,469,,,,1148157,,,
Proteobacteria,CP002083,582899,2,,,,1224,,,28211,,,,356,,,,,45401,,,,81,,,,53399,,,
Proteobacteria,CP002085,644282,2,,,,1224,68525,,28221,,,,453227,,,,,453228,,,,453229,,,,453230,,,
Proteobacteria,CP002086,105559,2,,,,1224,,,1236,,,,135613,,,,,1046,,,,1227,,,,473531,,,
Proteobacteria,CP002156,314260,2,,,,1224,,,28211,,,,255473,,,,,255474,,,,208215,,,,208216,,,
Proteobacteria,CP002159,395494,2,,,,1224,,,28216,,,,713636,,,,,90627,,,,96,,,,370405,,,
Proteobacteria,CP002165,788929,2,,,,1224,,,1236,,,,135614,,,,,32033,,,,2370,,,,2371,644356,,
Proteobacteria,CP002177,871585,2,,,,1224,,,1236,,,,72274,,,,,468,,,,469,,909768,,48296,,,
Proteobacteria,CP002205,563040,2,,,,1224,68525,,29547,,,,213849,,,,,72293,,,,202746,,,,202747,,,
Proteobacteria,CP002206,712898,2,,,,1224,,,1236,,,,91347,,,,,1903409,,,,53335,,,,470934,,,
Proteobacteria,CP002209,550540,2,,,,1224,,,1236,,,,135622,,,,,267892,,,,44011,,,,44012,,,
Proteobacteria,CP002224,880591,2,,,,1224,,,28211,,,,204455,,,,,31989,,,,92944,,,,92945,,,
Proteobacteria,CP002246,994476,2,,,,1224,,,1236,,,,91347,,,,,1903411,,,,629,,,,630,150053,,
Proteobacteria,CP002252,887061,2,,,,1224,,,28216,,,,206350,,,,,32011,,,,81682,1,1,1,887061,1,1,1
Proteobacteria,CP002271,378806,2,,,,1224,68525,,28221,,,,29,80811,,,,39,,,,40,,,,41,,,
Proteobacteria,CP002272,701347,2,,,,1224,,,1236,,,,91347,,,,,543,,,,547,,354276,,1334193,,,
Proteobacteria,CP002295,568817,2,,,,1224,,,1236,,,,91347,,,,,1903411,,,,613,,,,138074,,,
Proteobacteria,CP002339,715451,2,,,,1224,,,1236,,,,135622,,,,,72275,,,,226,,,,715451,,,
Proteobacteria,CP002364,577650,2,,,,1224,68525,,28221,,,,213118,,,,,213121,,,,893,,,,894,,,
Proteobacteria,CP002371,29503,2,,,,1224,68525,,28221,,,,213115,,,,,213116,,,,898,,,,29503,,,
Proteobacteria,CP002382,856793,2,,,,1224,,,28211,,,,,,,,,,,,,213485,,,,349221,,,
Proteobacteria,CP002395,573065,2,,,,1224,,,28211,,,,204458,,,,,76892,,,,76890,,,,78587,,,
Proteobacteria,CP002396,573065,2,,,,1224,,,28211,,,,204458,,,,,76892,,,,76890,,,,78587,,,
Proteobacteria,CP002417,595537,2,,,,1224,,,28216,,,,80840,,,,,80864,,,,34072,,,,34073,,,
Proteobacteria,CP002418,652103,2,,,,1224,,,28211,,,,356,,,,,41294,,,,1073,,,,1076,,,
Proteobacteria,CP002433,592316,2,,,,1224,,,1236,,,,91347,,,,,1903409,,,,53335,1,1,1,592316,1,1,1
Proteobacteria,CP002446,743721,2,,,,1224,,,1236,,,,135614,,,,,32033,,,,83618,,,,314722,,,
Proteobacteria,CP002456,937774,2,,,,1224,,,28216,,,,80840,,,,,506,,,,29574,,,,29575,,,
Proteobacteria,CP002479,443143,2,,,,1224,68525,,28221,,,,69541,,,,,213422,,,,28231,1,1,1,443143,1,1,1
Proteobacteria,CP002505,741091,2,,,,1224,,,1236,,,,91347,,,,,1903411,,,,34037,1,1,1,741091,1,1,1
Proteobacteria,CP002521,643561,2,,,,1224,,,28216,,,,80840,,,,,80864,,,,12916,,,,80867,80870,,
Proteobacteria,CP002526,983545,2,,,,1224,,,1236,,,,135622,,,,,72275,,,,89404,1,1,1,983545,1,1,1
Proteobacteria,CP002552,153948,2,,,,1224,,,28216,,,,32003,,,,,206379,,,,914,1,1,1,153948,1,1,1
Proteobacteria,CP002568,991905,2,,,,1224,,,28211,,,,,,,,,,,,,991903,,,,991904,,,
Proteobacteria,CP002583,717774,2,,,,1224,,,1236,,,,135619,,,,,135620,,,,28253,,,,119864,,,
Proteobacteria,CP002607,998088,2,,,,1224,,,1236,,,,135624,,,,,84642,,,,642,,,,654,,,
Proteobacteria,CP002623,391595,2,,,,1224,,,28211,,,,204455,,,,,31989,,,,2433,,,,42443,,,
Proteobacteria,CP002663,1007105,2,,,,1224,,,28216,,,,80840,,,,,506,,,,305976,1,1,1,1007105,1,1,1
Proteobacteria,CP002695,1017264,2,,,,1224,,,28216,,,,80840,,,,,506,,,,517,,,,520,,,
Proteobacteria,CP002740,698936,2,,,,1224,,,28211,,,,356,,,,,82115,,,,28105,,,,382,,,
Proteobacteria,CP002745,1005048,2,,,,1224,,,28216,,,,80840,,,,,75682,,,,202907,,,,158899,,,
Proteobacteria,CP002773,768492,2,,,,1224,,,1236,,,,91347,,,,,1903411,,,,613,,,,82996,,,
Proteobacteria,CP002775,768493,2,,,,1224,,,1236,,,,91347,,,,,1903411,,,,613,1,1,1,768493,1,1,1
Proteobacteria,CP002776,717773,2,,,,1224,,,1236,,,,72273,,,,,135616,,,,92244,,,,147268,,,
Proteobacteria,CP002798,690566,2,,,,1224,,,28211,,,,204457,,,,,41297,,,,165695,,,,46429,,,
Proteobacteria,CP002824,1028307,2,,,,1224,,,1236,,,,91347,,,,,543,,,,570,,,,548,,,
Proteobacteria,CP002830,483219,2,,,,1224,68525,,28221,,,,29,80811,,,,31,,,,32,,,,33,,,
Proteobacteria,CP002850,555217,2,,,,1224,,,28211,,,,204457,,,,,41297,,,,541,,,,542,120045,,
Proteobacteria,CP002865,579138,2,,,,1224,,,28211,,,,204457,,,,,41297,,,,541,,,,542,120044,,
Proteobacteria,CP002886,1045856,2,,,,1224,,,1236,,,,91347,,,,,543,,,,547,,354276,,550,,,
Proteobacteria,CP002897,1051075,2,,,,1224,,,28211,,,,204455,,,,,31989,,,,265,,,,266,,,
Proteobacteria,CP002914,981368,2,,,,1224,,,1236,,,,135614,,,,,32033,,,,338,,,,366650,189396,,
Proteobacteria,CP002972,383629,2,,,,1224,,,28211,,,,204455,,,,,31989,,,,302485,,,,221822,,,
Proteobacteria,CP002985,743299,2,,,,1224,,,1807140,,,,225057,,,,,225058,,,,119977,,,,160808,,,
Proteobacteria,CP003046,1036743,2,,,,1224,,,28211,,,,204441,,,,,41295,,,,1081,,,,1085,,,
Proteobacteria,CP003060,1085623,2,,,,1224,,,1236,,,,135622,,,,,72275,,,,89404,,,,300231,,,
Proteobacteria,CP003075,1082931,2,,,,1224,,,28211,,,,356,,,,,45401,,,,1082930,,,,531813,,,
Proteobacteria,CP003085,1095774,2,,,,1224,,,1236,,,,91347,,,,,1903409,,,,53335,,,,553,,,
Proteobacteria,CP003099,754507,2,,,,1224,,,1236,,,,135625,,,,,712,,,,416916,,,,714,,,
Proteobacteria,CP003123,1094489,2,,,,1224,,,28211,,,,356,,,,,772,,,,773,,,,388640,,,
Proteobacteria,CP003124,1094497,2,,,,1224,,,28211,,,,356,,,,,772,,,,773,,,,33047,40933,,
Proteobacteria,CP003147,911045,2,,,,1224,,,28211,,,,204455,,,,,31989,,,,258255,1,1,1,911045,1,1,1
Proteobacteria,CP003171,511062,2,,,,1224,,,1236,,,,135624,,,,,84642,,,,129577,1,1,1,511062,1,1,1
Proteobacteria,CP003200,1125630,2,,,,1224,,,1236,,,,91347,,,,,543,,,,570,,,,573,72407,,
Proteobacteria,CP003218,1006551,2,,,,1224,,,1236,,,,91347,,,,,543,,,,570,,,,571,,,
Proteobacteria,CP003241,1116375,2,,,,1224,,,1236,,,,135623,,,,,641,,,,662,1,1,1,1116375,1,1,1
Proteobacteria,CP003264,743973,2,,,,1224,,,28216,,,,80840,,,,,506,,,,29574,,,,29575,,,
Proteobacteria,CP003312,1138308,2,,,,1224,,,1236,,,,91347,,,,,543,,,,413496,,,,28141,,,
Proteobacteria,CP003333,760154,2,,,,1224,68525,,29547,,,,213849,,,,,72294,,,,57665,,,,44674,,,
Proteobacteria,CP003358,754035,2,,,,1224,,,28211,,,,356,,,,,69277,,,,68287,,,,536018,,,
Proteobacteria,CP003380,754477,2,,,,1224,,,1236,,,,72273,,,,,135616,,,,40222,,,,754477,,,
Proteobacteria,CP003389,1144275,2,,,,1224,68525,,28221,,,,29,80811,,,,31,,,,83461,,,,184914,,,
Proteobacteria,CP003415,1166016,2,,,,1224,,,1236,,,,91347,,,,,1903410,,,,122277,1,1,1,1166016,1,1,1
Proteobacteria,CP003466,930169,2,,,,1224,,,1236,,,,135619,,,,,224372,,,,59753,,,,285091,,,
Proteobacteria,CP003470,666685,2,,,,1224,,,1236,,,,135614,,,,,1775411,,,,75309,,,,666685,,,
Proteobacteria,CP003479,182217,2,,,,1224,68525,,29547,,,,213849,,,,,72293,,,,209,,,,138563,,,
Proteobacteria,CP003481,1163745,2,,,,1224,68525,,29547,,,,213849,,,,,72293,,,,209,,,,138563,,,
Proteobacteria,CP003537,1184267,2,,,,1224,68525,,28221,,,,213481,,,,,213483,,,,958,,,,453816,,,
Proteobacteria,CP003546,1199245,2,,,,1224,,,1236,,,,91347,,,,,543,,,,,,,,1199245,,,
Proteobacteria,CP003555,1036672,2,,,,1224,,,28216,,,,80840,,,,,506,,,,290425,,,,310575,,,
Proteobacteria,CP003677,1196835,2,,,,1224,,,1236,,,,72274,,,,,135621,,,,286,,136846,578833,316,,,
Proteobacteria,CP003678,1104326,2,,,,1224,,,1236,,,,91347,,,,,543,,,,547,,354276,,550,69219,,
Proteobacteria,CP003683,1191061,2,,,,1224,,,1236,,,,91347,,,,,543,,,,570,,,,571,,,
Proteobacteria,CP003704,627344,2,,,,1224,,,28211,,,,204457,,,,,41297,,,,541,,,,542,120045,,
Proteobacteria,CP003734,1196325,2,,,,1224,,,1236,,,,72274,,,,,135621,,,,286,,136845,,303,,,
Proteobacteria,CP003735,490759,2,,,,1224,,,1236,,,,135622,,,,,72275,,,,2742,1,1,1,490759,1,1,1
Proteobacteria,CP003737,1211025,2,,,,1224,,,1236,,,,91347,,,,,543,,,,547,,354276,,550,336306,,
Proteobacteria,CP003740,391626,2,,,,1224,,,28211,,,,204455,,,,,31989,,,,53945,,,,1217908,,,
Proteobacteria,CP003742,391616,2,,,,1224,,,28211,,,,204455,,,,,31989,,,,53945,,,,53946,,,
Proteobacteria,CP003745,1171377,2,,,,1224,,,1236,,,,135625,,,,,712,,,,476528,,,,47735,,,
Proteobacteria,CP003746,1117647,2,,,,1224,,,1236,,,,1706369,,,,,1706371,,,,447467,,,,447471,,,
Proteobacteria,CP003776,1218933,2,,,,1224,,,1236,,,,91347,,,,,1903410,,,,122277,,,,554,555,,
Proteobacteria,CP003784,1225179,2,,,,1224,,,28211,,,,356,,,,,772,,,,773,,,,803,,,
Proteobacteria,CP003801,744985,2,,,,1224,,,28211,,,,54526,,,,,1655514,1,1,1,1,1,1,1,744985,1,1,1
Proteobacteria,CP003809,859653,2,,,,1224,,,28211,,,,54526,,,,,1655514,1,1,1,1,1,1,1,859653,1,1,1
Proteobacteria,CP003837,1129794,2,,,,1224,,,1236,,,,135622,,,,,72275,,,,1621534,,,,326544,,,
Proteobacteria,CP003872,358220,2,,,,1224,,,28216,,,,80840,,,,,80864,,,,12916,1,1,1,358220,1,1,1
Proteobacteria,CP003883,1236908,2,,,,1224,,,28211,,,,766,,,,,942,,952,,953,,,,77038,,,
Proteobacteria,CP003884,1236909,2,,,,1224,,,28211,,,,766,,,,,942,,952,,953,,,,77038,,,
Proteobacteria,CP003926,1224746,2,,,,1224,,,28211,,,,204441,,,,,433,,,,441,,,,442,,,
Proteobacteria,CP003933,1235461,2,,,,1224,,,28211,,,,356,,,,,82115,,,,28105,,,,382,,,
Proteobacteria,CP003938,693444,2,,,,1224,,,1236,,,,91347,,,,,543,1,1,1,1,1,1,1,693444,1,1,1
Proteobacteria,CP003959,435998,2,,,,1224,,,1236,,,,91347,,,,,1903411,,,,613,,,,615,,,
Proteobacteria,CP004029,1234378,2,,,,1224,68525,,28221,,,,213115,,,,,194924,,,,41707,,,,29546,,,
Proteobacteria,CP004091,956149,2,,,,1224,,,1236,,,,91347,,,,,543,,,,413496,,,,28141,,,
Proteobacteria,CP004141,1288122,2,,,,1224,,,1236,,,,91347,,,,,1903412,,,,635,,,,1263550,,,
Proteobacteria,CP004142,1286170,2,,,,1224,,,1236,,,,91347,,,,,543,,,,160674,,,,54291,,,
Proteobacteria,CP004345,1124991,2,,,,1224,,,1236,,,,91347,,,,,1903414,,,,581,,,,582,180434,,
Proteobacteria,CP004348,543913,2,,,,1224,,,28216,,,,,,,,,,,,,,,,,543913,,,
Proteobacteria,CP004752,1249531,2,,,,1224,,,1236,,,,135625,,,,,712,,,,75984,,,,75985,,,
Proteobacteria,CP004753,1249526,2,,,,1224,,,1236,,,,135625,,,,,712,,,,75984,,,,75985,,,
Proteobacteria,CP005383,1316932,2,,,,1224,,,1236,,,,135625,,,,,712,,,,75984,,,,75985,,,
Proteobacteria,CP005587,670307,2,,,,1224,,,28211,,,,356,,,,,45401,,,,81,,,,53399,,,
Proteobacteria,CR354532,298386,2,,,,1224,,,1236,,,,135623,,,,,641,,,,657,,,,74109,,,
Proteobacteria,CR543861,62977,2,,,,1224,,,1236,,,,72274,,,,,468,,,,469,1,1,1,62977,1,1,1
Proteobacteria,CR555306,76114,2,,,,1224,,,28216,,,,206389,,,,,75787,,,,551759,,,,551760,,,
Proteobacteria,CR954246,326442,2,,,,1224,,,1236,,,,135622,,,,,267888,,,,53246,,,,228,,,
Proteobacteria,CT573326,384676,2,,,,1224,,,1236,,,,72274,,,,,135621,,,,286,,,,312306,,,
Proteobacteria,CU207211,204773,2,,,,1224,,,28216,,,,80840,,,,,75682,,,,303379,,,,204773,,,
Proteobacteria,CU468135,465817,2,,,,1224,,,1236,,,,91347,,,,,1903409,,,,551,,,,338565,,,
Proteobacteria,CU633749,977880,2,,,,1224,,,28216,,,,80840,,,,,119060,,,,106589,,,,164546,,,
Proteobacteria,CU633750,977880,2,,,,1224,,,28216,,,,80840,,,,,119060,,,,106589,,,,164546,,,
Proteobacteria,CU928158,585054,2,,,,1224,,,1236,,,,91347,,,,,543,,,,561,,,,564,,,
Proteobacteria,FN392235,644651,2,,,,1224,,,1236,,,,91347,,,,,1903409,,,,551,,,,79967,,,
Proteobacteria,FN434113,665029,2,,,,1224,,,1236,,,,91347,,,,,1903409,,,,551,,,,552,,,
Proteobacteria,FN645454,696125,2,,,,1224,,,28211,,,,356,,,,,772,,,,773,,,,56426,,,
Proteobacteria,FN666575,716540,2,,,,1224,,,1236,,,,91347,,,,,1903409,,,,551,,,,552,,,
Proteobacteria,FN869568,768066,2,,,,1224,,,1236,,,,135619,,,,,28256,,,,2745,,,,2746,,,
Proteobacteria,FO082060,1091494,2,,,,1224,,,1236,,,,135618,,,,,403,,,,39773,,,,271065,,,
Proteobacteria,FO203522,1121451,2,,,,1224,68525,,28221,,,,213115,,,,,194924,,,,872,,,,191026,,,
Proteobacteria,FP236842,634499,2,,,,1224,,,1236,,,,91347,,,,,1903409,,,,551,,,,79967,,,
Proteobacteria,FP475956,426114,2,,,,1224,,,28216,,,,80840,,,,,,,,,32012,,,,426114,,,
Proteobacteria,FP885895,859655,2,,,,1224,,,28216,,,,80840,,,,,119060,,,,48736,,,,305,,,
Proteobacteria,FP929140,83406,2,,,,1224,,,1236,1,1,1,1,1,1,1,1,1,1,1,1,1,1,1,1,83406,1,1,1
Proteobacteria,FQ311868,862719,2,,,,1224,,,28211,,,,204441,,,,,41295,,,,191,,,,193,,,
Proteobacteria,FQ312002,862965,2,,,,1224,,,1236,,,,135625,,,,,712,,,,724,,,,729,,,
Proteobacteria,FQ312005,862908,2,,,,1224,68525,,28221,,,,213481,,,,,1652132,,,,1652133,,,,97084,,,
Proteobacteria,FQ859181,717785,2,,,,1224,,,28211,,,,356,,,,,45401,,,,81,1,1,1,717785,1,1,1
Proteobacteria,FR687359,882378,2,,,,1224,,,28216,,,,80840,,,,,119060,,,,1822464,,,,412963,,,
Proteobacteria,FR729477,930944,2,,,,1224,,,1236,,,,91347,,,,,1903411,,,,629,,,,630,150053,,
Proteobacteria,FR856861,702113,2,,,,1224,,,28211,,,,204457,,,,,41297,,,,165696,1,1,1,702113,1,1,1
Proteobacteria,FR856862,702113,2,,,,1224,,,28211,,,,204457,,,,,41297,,,,165696,1,1,1,702113,1,1,1
Proteobacteria,FR871757,1002804,2,,,,1224,68525,,29547,,,,213849,,,,,72293,,,,209,,,,56877,,,
Proteobacteria,HE577327,1064539,2,,,,1224,,,28211,,,,204441,,,,,41295,,,,191,,,,192,,,
Proteobacteria,HE616528,216599,2,,,,1224,,,1236,,,,91347,,,,,543,,,,620,,,,624,,,
Proteobacteria,HE798556,1163399,2,,,,1224,,,1236,,,,135614,,,,,32033,,,,40323,,,,40324,,,
Proteobacteria,HE956757,187303,2,,,,1224,,,28211,,,,356,,,,,31993,,,,133,1,1,1,187303,1,1,1
Proteobacteria,HE965805,568706,2,,,,1224,,,28216,,,,80840,,,,,506,,,,517,,,,520,,,
Proteobacteria,HE965806,568707,2,,,,1224,,,28216,,,,80840,,,,,506,,,,517,,,,518,,,
Proteobacteria,HE995405,1230587,2,,,,1224,,,28211,,,,356,,,,,82115,,,,28105,,,,382,,,
Rhizobium,AM236080,216596,2,,,,1224,,,28211,,,,356,,,,,82115,,,,379,,,,384,,,
Rhizobium,AP012206,1037409,2,,,,1224,,,28211,,,,356,,,,,41294,,,,374,,,,375,,,
Rhizobium,AP012279,335659,2,,,,1224,,,28211,,,,356,,,,,41294,,,,374,1,1,1,335659,1,1,1
Rhizobium,BA000040,224911,2,,,,1224,,,28211,,,,356,,,,,41294,,,,374,,,,1355477,,,
Rhizobium,CP000133,347834,2,,,,1224,,,28211,,,,356,,,,,82115,,,,379,,,,29449,,,
Rhizobium,CP000494,288000,2,,,,1224,,,28211,,,,356,,,,,41294,,,,374,1,1,1,288000,1,1,1
Rhizobium,CP001074,491916,2,,,,1224,,,28211,,,,356,,,,,82115,,,,379,,,,29449,,,
Rhizobium,CP001191,395492,2,,,,1224,,,28211,,,,356,,,,,82115,,,,379,,,,384,,,
Rhizobium,CP001622,395491,2,,,,1224,,,28211,,,,356,,,,,82115,,,,379,,,,384,,,
Rhizobium,CP004015,698761,2,,,,1224,,,28211,,,,356,,,,,82115,,,,379,,,,398,,,
Rhizobium,CU234118,114615,2,,,,1224,,,28211,,,,356,,,,,41294,,,,374,1,1,1,114615,1,1,1
Rhizobium,FO082820,1125847,2,,,,1224,,,28211,,,,356,,,,,82115,,,,379,1,1,1,1125847,1,1,1
Verrucomicrobia,CP000975,481448,2,,,,74201,,,,,,,717963,,,,,717964,,,,511745,,,,511746,,,
Verrucomicrobia,CP001032,452637,2,,,,74201,,,414999,,,,415000,,,,,134623,,,,178440,,,,107709,,,
Verrucomicrobia,CP001071,349741,2,,,,74201,,,203494,,,,48461,,,,,1647988,,,,239934,,,,239935,,,
Verrucomicrobia,CP001998,583355,2,,,,74201,,,414999,,,,415001,,,,,415002,,,,442430,,,,395922,,,
chr4,Arabidopsis,3702,2759,33090,,,35493,,,,71275,,,3699,,,,,3700,,980083,,3701,,,,3702,,,
chr28,Eukaryotes,9031,2759,33208,,,7711,89593,,8782,,,8825,8976,,,,,9005,9072,,,9030,,,,9031,,,
leucocephalus,Haliaeetus,52644,2759,33208,,,7711,89593,,8782,,,8825,8948,,,,,56259,8955,,,8968,,,,52644,,,
chr22,Eukaryotes,9606,2759,33208,,,7711,89593,,40674,,,314146,9443,376913,314293,9526,314295,9604,207598,,,9605,,,,9606,,,
chr2,Eukaryotes,8524,2759,33208,,,7711,89593,,,,,8504,8509,,,,,8522,162266,,,141678,,,,8524,,,
troglo,Pan,9598,2759,33208,,,7711,89593,,40674,,,314146,9443,376913,314293,9526,314295,9604,207598,,,9596,,,,9598,,,
chrM,Turtle,8478,2759,33208,,,7711,89593,,,,,,8459,8464,,,8486,8476,,,,8477,,,,8479,8478,,
Eukaryotes,JH584391,8478,2759,33208,,,7711,89593,,,,,,8459,8464,,,8486,8476,,,,8477,,,,8479,8478,,
Eukaryotes,JH584390,8478,2759,33208,,,7711,89593,,,,,,8459,8464,,,8486,8476,,,,8477,,,,8479,8478,,
,tpg,4932,2759,4751,451864,,4890,147537,,4891,,,,4892,,,,,4893,,,,4930,,,,4932,,,
little,Rose,173,2,,,,203691,,,203692,,,,,,,,,170,,,,171,,,,173,,,
medium,Rose,173,2,,,,203691,,,203692,,,,,,,,,170,,,,171,,,,173,,,
mixed,Rose,173,2,,,,203691,,,203692,,,,,,,,,170,,,,171,,,,173,,,
most,Rose,173,2,,,,203691,,,203692,,,,,,,,,170,,,,171,,,,173,,,
